Bioproject,Run,Agent,Assay_Type,AvgSpotLen,Bases,BioProject,BioSample,Bytes,Cell_type_line,Center_Name,Consent,DATASTORE_filetype,DATASTORE_provider,DATASTORE_region,Experiment,GEO_Accession_exp,Instrument,LibraryLayout,LibrarySelection,LibrarySource,Organism,Platform,ReleaseDate,Sample_Name,Source_Name,SRA_Study,Genotype,Infection,Tissue,iav_strain,Molecule_Subtype,Treatment,treatment_time,Biomaterial_Provider,siRNA,Donor,Post_Preatment,Time_Point,Patient_Number
PRJNA494313,SRR7948444,Uninfected DMSO,RNA-Seq,302,6053089888,PRJNA494313,SAMN10160533,2414926050,Bronchial epithelial cells (BECs),GEO,public,"fastq,sra","gs,s3","s3.us-east-1,gs.US",SRX4782393,GSM3409423,Illumina HiSeq 3000,PAIRED,cDNA,TRANSCRIPTOMIC,Homo sapiens,ILLUMINA,2020-10-02T00:00:00Z,GSM3409423,Uninfected DMSO donor 1 rep1,SRP163118,,,,,,,,,,,,,
PRJNA494313,SRR7948445,Uninfected DMSO,RNA-Seq,302,14253988374,PRJNA494313,SAMN10160532,5352731365,Bronchial epithelial cells (BECs),GEO,public,"fastq,sra","gs,s3","s3.us-east-1,gs.US",SRX4782394,GSM3409424,Illumina HiSeq 3000,PAIRED,cDNA,TRANSCRIPTOMIC,Homo sapiens,ILLUMINA,2020-10-02T00:00:00Z,GSM3409424,Uninfected DMSO donor 1 rep2,SRP163118,,,,,,,,,,,,,
PRJNA494313,SRR7948446,Uninfected DMSO,RNA-Seq,302,8009884090,PRJNA494313,SAMN10160531,2991054251,Bronchial epithelial cells (BECs),GEO,public,"sra,fastq","gs,s3","s3.us-east-1,gs.US",SRX4782395,GSM3409425,Illumina HiSeq 3000,PAIRED,cDNA,TRANSCRIPTOMIC,Homo sapiens,ILLUMINA,2020-10-02T00:00:00Z,GSM3409425,Uninfected DMSO donor 2 rep1,SRP163118,,,,,,,,,,,,,
PRJNA494313,SRR7948447,Uninfected DMSO,RNA-Seq,302,11244582836,PRJNA494313,SAMN10160530,4172763650,Bronchial epithelial cells (BECs),GEO,public,"sra,fastq","s3,gs","s3.us-east-1,gs.US",SRX4782396,GSM3409426,Illumina HiSeq 3000,PAIRED,cDNA,TRANSCRIPTOMIC,Homo sapiens,ILLUMINA,2020-10-02T00:00:00Z,GSM3409426,Uninfected DMSO donor 2 rep 2,SRP163118,,,,,,,,,,,,,
PRJNA494313,SRR7948452,H1N1 DMSO,RNA-Seq,302,8741624654,PRJNA494313,SAMN10160541,3322407603,Bronchial epithelial cells (BECs),GEO,public,"sra,fastq","s3,gs","gs.US,s3.us-east-1",SRX4782401,GSM3409431,Illumina HiSeq 3000,PAIRED,cDNA,TRANSCRIPTOMIC,Homo sapiens,ILLUMINA,2020-10-02T00:00:00Z,GSM3409431,H1N1 DMSO donor 1 rep1,SRP163118,,,,,,,,,,,,,
PRJNA494313,SRR7948453,H1N1 DMSO,RNA-Seq,302,9696446276,PRJNA494313,SAMN10160540,3636160219,Bronchial epithelial cells (BECs),GEO,public,"fastq,sra","s3,gs","s3.us-east-1,gs.US",SRX4782402,GSM3409432,Illumina HiSeq 3000,PAIRED,cDNA,TRANSCRIPTOMIC,Homo sapiens,ILLUMINA,2020-10-02T00:00:00Z,GSM3409432,H1N1 DMSO donor 1 rep2,SRP163118,,,,,,,,,,,,,
PRJNA494313,SRR7948454,H1N1 DMSO,RNA-Seq,302,9103024732,PRJNA494313,SAMN10160539,3434743899,Bronchial epithelial cells (BECs),GEO,public,"fastq,sra","gs,s3","s3.us-east-1,gs.US",SRX4782403,GSM3409433,Illumina HiSeq 3000,PAIRED,cDNA,TRANSCRIPTOMIC,Homo sapiens,ILLUMINA,2020-10-02T00:00:00Z,GSM3409433,H1N1 DMSO donor 2 rep1,SRP163118,,,,,,,,,,,,,
PRJNA494313,SRR7948455,H1N1 DMSO,RNA-Seq,302,8258899398,PRJNA494313,SAMN10160538,3320065649,Bronchial epithelial cells (BECs),GEO,public,"fastq,sra","s3,gs","s3.us-east-1,gs.US",SRX4782404,GSM3409434,Illumina HiSeq 3000,PAIRED,cDNA,TRANSCRIPTOMIC,Homo sapiens,ILLUMINA,2020-10-02T00:00:00Z,GSM3409434,H1N1 DMSO donor 2 rep 2,SRP163118,,,,,,,,,,,,,
PRJNA664043,SRR12606565,,RNA-Seq,300,7838693400,PRJNA662224,SAMN16078524,2414318004,A549 cells,GEO,public,"sra,fastq","gs,s3","gs.US,s3.us-east-1",SRX9090232,GSM4771574,Illumina HiSeq 2500,PAIRED,cDNA,TRANSCRIPTOMIC,Homo sapiens,ILLUMINA,2020-09-09T00:00:00Z,GSM4771574,wildtype A549 cells,SRP281173,wildtype,the cells were inoculated with PR8/H1N1 virus at an MOI of 1 for 0 hour,,,,,,,,,,,
PRJNA664043,SRR12606566,,RNA-Seq,300,7264931700,PRJNA662224,SAMN16078523,2227237706,A549 cells,GEO,public,"fastq,sra","gs,s3","gs.US,s3.us-east-1",SRX9090233,GSM4771575,Illumina HiSeq 2500,PAIRED,cDNA,TRANSCRIPTOMIC,Homo sapiens,ILLUMINA,2020-09-09T00:00:00Z,GSM4771575,wildtype A549 cells,SRP281173,wildtype,the cells were inoculated with PR8/H1N1 virus at an MOI of 1 for 0 hour,,,,,,,,,,,
PRJNA664043,SRR12606569,,RNA-Seq,300,6784171500,PRJNA662224,SAMN16078520,2089762006,A549 cells,GEO,public,"sra,fastq","gs,s3","gs.US,s3.us-east-1",SRX9090236,GSM4771578,Illumina HiSeq 2500,PAIRED,cDNA,TRANSCRIPTOMIC,Homo sapiens,ILLUMINA,2020-09-09T00:00:00Z,GSM4771578,wildtype A549 cells,SRP281173,wildtype,the cells were inoculated with PR8/H1N1 virus at an MOI of 1 for 12 hours,,,,,,,,,,,
PRJNA664043,SRR12606570,,RNA-Seq,300,6562754700,PRJNA662224,SAMN16078519,2024705003,A549 cells,GEO,public,"fastq,sra","gs,s3","gs.US,s3.us-east-1",SRX9090237,GSM4771579,Illumina HiSeq 2500,PAIRED,cDNA,TRANSCRIPTOMIC,Homo sapiens,ILLUMINA,2020-09-09T00:00:00Z,GSM4771579,wildtype A549 cells,SRP281173,wildtype,the cells were inoculated with PR8/H1N1 virus at an MOI of 1 for 12 hours,,,,,,,,,,,
PRJNA681319,SRR13161289,,RNA-Seq,302,1919137218,PRJNA681319,SAMN16949045,868889841,A549,GEO,public,"sra,fastq","s3,gs","s3.us-east-1,gs.US",SRX9600267,GSM4948586,Illumina MiSeq,PAIRED,cDNA,TRANSCRIPTOMIC,Homo sapiens,ILLUMINA,2020-11-30T00:00:00Z,GSM4948586,Lung epithelial cells,SRP294598,,,,,,"untreated control\, time matched for infected cells",12 hours,"ATCC\, CCL-185",,,,,
PRJNA681319,SRR13161290,,RNA-Seq,302,1834512590,PRJNA681319,SAMN16949044,836553548,A549,GEO,public,"sra,fastq","gs,s3","gs.US,s3.us-east-1",SRX9600268,GSM4948587,Illumina MiSeq,PAIRED,cDNA,TRANSCRIPTOMIC,Homo sapiens,ILLUMINA,2020-11-30T00:00:00Z,GSM4948587,Lung epithelial cells,SRP294598,,,,,,"untreated control\, time matched for infected cells",12 hours,"ATCC\, CCL-185",,,,,
PRJNA681319,SRR13161291,,RNA-Seq,302,1886765838,PRJNA681319,SAMN16949043,854354654,A549,GEO,public,"fastq,sra","gs,s3","gs.US,s3.us-east-1",SRX9600269,GSM4948588,Illumina MiSeq,PAIRED,cDNA,TRANSCRIPTOMIC,Homo sapiens,ILLUMINA,2020-11-30T00:00:00Z,GSM4948588,Lung epithelial cells,SRP294598,,,,,,"untreated control\, time matched for infected cells",12 hours,"ATCC\, CCL-185",,,,,
PRJNA681319,SRR13161303,,RNA-Seq,302,1528020944,PRJNA681319,SAMN16949058,696296739,A549,GEO,public,"sra,fastq","gs,s3","gs.US,s3.us-east-1",SRX9600281,GSM4948600,Illumina MiSeq,PAIRED,cDNA,TRANSCRIPTOMIC,Homo sapiens,ILLUMINA,2020-11-30T00:00:00Z,GSM4948600,Lung epithelial cells,SRP294598,,,,,,Influenza A/Port Chalmers/1/73 (H3N2) infected at MOI1,6 hour post infection [hpi],"ATCC\, CCL-185",,,,,
PRJNA681319,SRR13161306,,RNA-Seq,302,1937280472,PRJNA681319,SAMN16949055,878455751,A549,GEO,public,"sra,fastq","s3,gs","s3.us-east-1,gs.US",SRX9600284,GSM4948603,Illumina MiSeq,PAIRED,cDNA,TRANSCRIPTOMIC,Homo sapiens,ILLUMINA,2020-11-30T00:00:00Z,GSM4948603,Lung epithelial cells,SRP294598,,,,,,Influenza A/Port Chalmers/1/73 (H3N2) infected at MOI1,8 hour post infection [hpi],"ATCC\, CCL-185",,,,,
PRJNA681319,SRR13161309,,RNA-Seq,302,2419766242,PRJNA681319,SAMN16949052,1101299177,A549,GEO,public,"fastq,sra","gs,s3","gs.US,s3.us-east-1",SRX9600261,GSM4948606,Illumina MiSeq,PAIRED,cDNA,TRANSCRIPTOMIC,Homo sapiens,ILLUMINA,2020-11-30T00:00:00Z,GSM4948606,Lung epithelial cells,SRP294598,,,,,,Influenza A/Port Chalmers/1/73 (H3N2) infected at MOI1,12 hour post infection [hpi],"ATCC\, CCL-185",,,,,
PRJNA706691,SRR13858418,Mock,RNA-Seq,100,3560011100,PRJNA706691,SAMN18140350,2148675195,adenocarcinomic human alveolar basal epithelial cells,GEO,public,"sra,fastq","s3,gs","gs.US,s3.us-east-1",SRX10239433,GSM5135054,Illumina HiSeq 1500,PAIRED,cDNA,TRANSCRIPTOMIC,Homo sapiens,ILLUMINA,2022-03-11T00:00:00Z,GSM5135054,A549 (CCL-185),SRP309315,,,,,,,,,siNTC,,,,
PRJNA706691,SRR13858419,Mock,RNA-Seq,100,2740637000,PRJNA706691,SAMN18140348,1683410883,adenocarcinomic human alveolar basal epithelial cells,GEO,public,"fastq,sra","gs,s3","s3.us-east-1,gs.US",SRX10239434,GSM5135055,Illumina HiSeq 1500,PAIRED,cDNA,TRANSCRIPTOMIC,Homo sapiens,ILLUMINA,2022-03-11T00:00:00Z,GSM5135055,A549 (CCL-185),SRP309315,,,,,,,,,siNTC,,,,
PRJNA706691,SRR13858422,influenza A virus,RNA-Seq,100,3389970700,PRJNA706691,SAMN18140343,2068573465,adenocarcinomic human alveolar basal epithelial cells,GEO,public,"sra,fastq","gs,s3","s3.us-east-1,gs.US",SRX10239437,GSM5135058,Illumina HiSeq 1500,PAIRED,cDNA,TRANSCRIPTOMIC,Homo sapiens,ILLUMINA,2022-03-11T00:00:00Z,GSM5135058,A549 (CCL-185),SRP309315,,,,,,,,,siNTC,,,,
PRJNA706691,SRR13858423,influenza A virus,RNA-Seq,100,3184528500,PRJNA706691,SAMN18140341,1923419904,adenocarcinomic human alveolar basal epithelial cells,GEO,public,"fastq,sra","s3,gs","gs.US,s3.us-east-1",SRX10239438,GSM5135059,Illumina HiSeq 1500,PAIRED,cDNA,TRANSCRIPTOMIC,Homo sapiens,ILLUMINA,2022-03-11T00:00:00Z,GSM5135059,A549 (CCL-185),SRP309315,,,,,,,,,siNTC,,,,
PRJNA722929,SRR14272444,,RNA-Seq,300,13068054000,PRJNA722929,SAMN18795748,4828965712,A549,GEO,public,"sra,fastq","s3,gs","s3.us-east-1,gs.US",SRX10633931,GSM5252409,Illumina HiSeq 4000,PAIRED,cDNA,TRANSCRIPTOMIC,Homo sapiens,ILLUMINA,2021-07-17T00:00:00Z,GSM5252409,A549 cells,SRP315324,,untreated,,,,,,,,,,,
PRJNA722929,SRR14272445,,RNA-Seq,300,12852579300,PRJNA722929,SAMN18795747,4753163954,A549,GEO,public,"sra,fastq","gs,s3","s3.us-east-1,gs.US",SRX10633932,GSM5252410,Illumina HiSeq 4000,PAIRED,cDNA,TRANSCRIPTOMIC,Homo sapiens,ILLUMINA,2021-07-17T00:00:00Z,GSM5252410,A549 cells,SRP315324,,untreated,,,,,,,,,,,
PRJNA722929,SRR14272446,,RNA-Seq,300,14062747500,PRJNA722929,SAMN18795746,5251282405,A549,GEO,public,"fastq,sra","gs,s3","gs.US,s3.us-east-1",SRX10633921,GSM5252411,Illumina HiSeq 4000,PAIRED,cDNA,TRANSCRIPTOMIC,Homo sapiens,ILLUMINA,2021-07-17T00:00:00Z,GSM5252411,A549 cells,SRP315324,,untreated,,,,,,,,,,,
PRJNA722929,SRR14272447,,RNA-Seq,300,11192699100,PRJNA722929,SAMN18795777,4142952011,A549,GEO,public,"fastq,sra","gs,s3","gs.US,s3.us-east-1",SRX10633922,GSM5252412,Illumina HiSeq 4000,PAIRED,cDNA,TRANSCRIPTOMIC,Homo sapiens,ILLUMINA,2021-07-17T00:00:00Z,GSM5252412,A549 cells,SRP315324,,H9N2 virus infected for 12 h,,,,,,,,,,,
PRJNA722929,SRR14272448,,RNA-Seq,300,12308774100,PRJNA722929,SAMN18795776,4565171809,A549,GEO,public,"sra,fastq","s3,gs","gs.US,s3.us-east-1",SRX10633923,GSM5252413,Illumina HiSeq 4000,PAIRED,cDNA,TRANSCRIPTOMIC,Homo sapiens,ILLUMINA,2021-07-17T00:00:00Z,GSM5252413,A549 cells,SRP315324,,H9N2 virus infected for 12 h,,,,,,,,,,,
PRJNA722929,SRR14272449,,RNA-Seq,300,11742582900,PRJNA722929,SAMN18795775,4348284905,A549,GEO,public,"sra,fastq","s3,gs","gs.US,s3.us-east-1",SRX10633924,GSM5252414,Illumina HiSeq 4000,PAIRED,cDNA,TRANSCRIPTOMIC,Homo sapiens,ILLUMINA,2021-07-17T00:00:00Z,GSM5252414,A549 cells,SRP315324,,H9N2 virus infected for 12 h,,,,,,,,,,,
PRJNA789923,SRR17265436,,RNA-Seq,126,28250769078,PRJNA789923,SAMN24174065,13891614400,,"HEALTH 2030 GENOME CENTER`, FONDATION CAMPUS BIOTECH GENEVA",public,"sra,fastq","gs,s3","s3.us-east-1,gs.US",SRX13443465,GSM5740436,Illumina HiSeq 4000,PAIRED,cDNA,TRANSCRIPTOMIC,Homo sapiens,ILLUMINA,2021-12-19T00:00:00Z,GSM5740436,Ex vivo reconstuted airway epithelia,SRP351415,,None,,,,,,,,Healthy donors,,,
PRJNA789923,SRR17265440,,RNA-Seq,126,30541264866,PRJNA789923,SAMN24174069,15039786727,,"HEALTH 2030 GENOME CENTER`, FONDATION CAMPUS BIOTECH GENEVA",public,"sra,fastq","s3,gs","gs.US,s3.us-east-1",SRX13443461,GSM5740432,Illumina HiSeq 4000,PAIRED,cDNA,TRANSCRIPTOMIC,Homo sapiens,ILLUMINA,2021-12-19T00:00:00Z,GSM5740432,Ex vivo reconstuted airway epithelia,SRP351415,,Influenza A virus,,,,,,,,Healthy donors,,,
PRJNA795161,SRR17468182,,RNA-Seq,300,7073962800,PRJNA795161,SAMN24694377,2209582421,HBEC,"LAB D, 8/F, BLOCK A, CHILDREN'S HOSPITAL, PAEDIATRICS, CHINESE UNIVERSITY OF HONG KONG",public,"sra,fastq","s3,gs","gs.US,s3.us-east-1",SRX13639331,GSM5775743,Illumina NovaSeq 6000,PAIRED,cDNA,TRANSCRIPTOMIC,Homo sapiens,ILLUMINA,2022-03-01T00:00:00Z,GSM5775743,,SRP353813,,Mock1,,,,,,,,B56,Nil,,
PRJNA795161,SRR17468183,,RNA-Seq,300,5954837700,PRJNA795161,SAMN24694378,1843631777,HBEC,"LAB D, 8/F, BLOCK A, CHILDREN'S HOSPITAL, PAEDIATRICS, CHINESE UNIVERSITY OF HONG KONG",public,"sra,fastq","gs,s3","s3.us-east-1,gs.US",SRX13639330,GSM5775742,Illumina NovaSeq 6000,PAIRED,cDNA,TRANSCRIPTOMIC,Homo sapiens,ILLUMINA,2022-03-01T00:00:00Z,GSM5775742,,SRP353813,,influenza (IAV),,,,,,,,B56,Nil,,
PRJNA795161,SRR17468184,,RNA-Seq,300,7498548300,PRJNA795161,SAMN24694379,2343224142,HBEC,"LAB D, 8/F, BLOCK A, CHILDREN'S HOSPITAL, PAEDIATRICS, CHINESE UNIVERSITY OF HONG KONG",public,"fastq,sra","gs,s3","s3.us-east-1,gs.US",SRX13639329,GSM5775741,Illumina NovaSeq 6000,PAIRED,cDNA,TRANSCRIPTOMIC,Homo sapiens,ILLUMINA,2022-03-01T00:00:00Z,GSM5775741,,SRP353813,,Mock2,,,,,,,,B56,Nil,,
PRJNA795161,SRR17468186,,RNA-Seq,300,7536025500,PRJNA795161,SAMN24694381,2357348257,HBEC,"LAB D, 8/F, BLOCK A, CHILDREN'S HOSPITAL, PAEDIATRICS, CHINESE UNIVERSITY OF HONG KONG",public,"fastq,sra","s3,gs","gs.US,s3.us-east-1",SRX13639327,GSM5775739,Illumina NovaSeq 6000,PAIRED,cDNA,TRANSCRIPTOMIC,Homo sapiens,ILLUMINA,2022-03-01T00:00:00Z,GSM5775739,,SRP353813,,Mock1,,,,,,,,B47,Nil,,
PRJNA795161,SRR17468187,,RNA-Seq,300,6953293800,PRJNA795161,SAMN24694382,2156690731,HBEC,"LAB D, 8/F, BLOCK A, CHILDREN'S HOSPITAL, PAEDIATRICS, CHINESE UNIVERSITY OF HONG KONG",public,"sra,fastq","gs,s3","gs.US,s3.us-east-1",SRX13639326,GSM5775738,Illumina NovaSeq 6000,PAIRED,cDNA,TRANSCRIPTOMIC,Homo sapiens,ILLUMINA,2022-03-01T00:00:00Z,GSM5775738,,SRP353813,,influenza (IAV),,,,,,,,B47,Nil,,
PRJNA795161,SRR17468188,,RNA-Seq,300,7261655100,PRJNA795161,SAMN24694383,2262164378,HBEC,"LAB D, 8/F, BLOCK A, CHILDREN'S HOSPITAL, PAEDIATRICS, CHINESE UNIVERSITY OF HONG KONG",public,"sra,fastq","s3,gs","gs.US,s3.us-east-1",SRX13639325,GSM5775737,Illumina NovaSeq 6000,PAIRED,cDNA,TRANSCRIPTOMIC,Homo sapiens,ILLUMINA,2022-03-01T00:00:00Z,GSM5775737,,SRP353813,,Mock2,,,,,,,,B47,Nil,,
PRJNA795161,SRR17468190,,RNA-Seq,300,7145824500,PRJNA795161,SAMN24694385,2354953747,HBEC,"LAB D, 8/F, BLOCK A, CHILDREN'S HOSPITAL, PAEDIATRICS, CHINESE UNIVERSITY OF HONG KONG",public,"sra,fastq","gs,s3","gs.US,s3.us-east-1",SRX13639323,GSM5775735,Illumina NovaSeq 6000,PAIRED,cDNA,TRANSCRIPTOMIC,Homo sapiens,ILLUMINA,2022-03-01T00:00:00Z,GSM5775735,,SRP353813,,Mock1,,,,,,,,B46,Nil,,
PRJNA795161,SRR17468191,,RNA-Seq,300,6445629600,PRJNA795161,SAMN24694386,2128247125,HBEC,"LAB D, 8/F, BLOCK A, CHILDREN'S HOSPITAL, PAEDIATRICS, CHINESE UNIVERSITY OF HONG KONG",public,"sra,fastq","s3,gs","s3.us-east-1,gs.US",SRX13639322,GSM5775734,Illumina NovaSeq 6000,PAIRED,cDNA,TRANSCRIPTOMIC,Homo sapiens,ILLUMINA,2022-03-01T00:00:00Z,GSM5775734,,SRP353813,,influenza (IAV),,,,,,,,B46,Nil,,
PRJNA795161,SRR17468192,,RNA-Seq,300,7197316200,PRJNA795161,SAMN24694387,2355262396,HBEC,"LAB D, 8/F, BLOCK A, CHILDREN'S HOSPITAL, PAEDIATRICS, CHINESE UNIVERSITY OF HONG KONG",public,"sra,fastq","s3,gs","s3.us-east-1,gs.US",SRX13639321,GSM5775733,Illumina NovaSeq 6000,PAIRED,cDNA,TRANSCRIPTOMIC,Homo sapiens,ILLUMINA,2022-03-01T00:00:00Z,GSM5775733,,SRP353813,,Mock2,,,,,,,,B46,Nil,,
PRJNA688321,SRR13319458,,RNA-Seq,84,2836844136,PRJNA688321,SAMN17173512,1227915836,,GEO,public,"fastq,sra","gs,s3","s3.us-east-1,gs.US",SRX9746938,GSM4991245,NextSeq 500,SINGLE,cDNA,TRANSCRIPTOMIC,Homo sapiens,ILLUMINA,2021-04-21T00:00:00Z,GSM4991245,Nasal turbinate tissue,SRP299574,,Uninfected,Nasal turbinate,,,,,,,Donor 1,,24 hours post infection,
PRJNA688321,SRR13319459,,RNA-Seq,84,2656543092,PRJNA688321,SAMN17173511,1127652528,,GEO,public,"fastq,sra","gs,s3","s3.us-east-1,gs.US",SRX9746939,GSM4991246,NextSeq 500,SINGLE,cDNA,TRANSCRIPTOMIC,Homo sapiens,ILLUMINA,2021-04-21T00:00:00Z,GSM4991246,Nasal turbinate tissue,SRP299574,,Uninfected,Nasal turbinate,,,,,,,Donor 1,,24 hours post infection,
PRJNA688321,SRR13319460,,RNA-Seq,84,1685802804,PRJNA688321,SAMN17173510,735794752,,GEO,public,"fastq,sra","gs,s3","s3.us-east-1,gs.US",SRX9746940,GSM4991247,NextSeq 500,SINGLE,cDNA,TRANSCRIPTOMIC,Homo sapiens,ILLUMINA,2021-04-21T00:00:00Z,GSM4991247,Nasal turbinate tissue,SRP299574,,Uninfected,Nasal turbinate,,,,,,,Donor 2,,24 hours post infection,
PRJNA688321,SRR13319461,,RNA-Seq,84,2505087480,PRJNA688321,SAMN17173509,1086910027,,GEO,public,"fastq,sra","s3,gs","gs.US,s3.us-east-1",SRX9746941,GSM4991248,NextSeq 500,SINGLE,cDNA,TRANSCRIPTOMIC,Homo sapiens,ILLUMINA,2021-04-21T00:00:00Z,GSM4991248,Nasal turbinate tissue,SRP299574,,Uninfected,Nasal turbinate,,,,,,,Donor 2,,24 hours post infection,
PRJNA688321,SRR13319462,,RNA-Seq,84,2867818128,PRJNA688321,SAMN17173508,1242784855,,GEO,public,"fastq,sra","s3,gs","s3.us-east-1,gs.US",SRX9746942,GSM4991249,NextSeq 500,SINGLE,cDNA,TRANSCRIPTOMIC,Homo sapiens,ILLUMINA,2021-04-21T00:00:00Z,GSM4991249,Nasal turbinate tissue,SRP299574,,Uninfected,Nasal turbinate,,,,,,,Donor 3,,24 hours post infection,
PRJNA688321,SRR13319463,,RNA-Seq,84,3555716724,PRJNA688321,SAMN17173507,1533141820,,GEO,public,"sra,fastq","gs,s3","gs.US,s3.us-east-1",SRX9746943,GSM4991250,NextSeq 500,SINGLE,cDNA,TRANSCRIPTOMIC,Homo sapiens,ILLUMINA,2021-04-21T00:00:00Z,GSM4991250,Nasal turbinate tissue,SRP299574,,Uninfected,Nasal turbinate,,,,,,,Donor 3,,24 hours post infection,
PRJNA688321,SRR13319464,,RNA-Seq,84,1953680820,PRJNA688321,SAMN17173506,863966491,,GEO,public,"fastq,sra","gs,s3","s3.us-east-1,gs.US",SRX9746944,GSM4991251,NextSeq 500,SINGLE,cDNA,TRANSCRIPTOMIC,Homo sapiens,ILLUMINA,2021-04-21T00:00:00Z,GSM4991251,Nasal turbinate tissue,SRP299574,,Influenza A,Nasal turbinate,,,,,,,Donor 1,,24 hours post infection,
PRJNA688321,SRR13319465,,RNA-Seq,84,3716061972,PRJNA688321,SAMN17173505,1586164095,,GEO,public,"fastq,sra","gs,s3","s3.us-east-1,gs.US",SRX9746945,GSM4991252,NextSeq 500,SINGLE,cDNA,TRANSCRIPTOMIC,Homo sapiens,ILLUMINA,2021-04-21T00:00:00Z,GSM4991252,Nasal turbinate tissue,SRP299574,,Influenza A,Nasal turbinate,,,,,,,Donor 1,,24 hours post infection,
PRJNA688321,SRR13319466,,RNA-Seq,84,3184829340,PRJNA688321,SAMN17173504,1377104278,,GEO,public,"sra,fastq","gs,s3","s3.us-east-1,gs.US",SRX9746946,GSM4991253,NextSeq 500,SINGLE,cDNA,TRANSCRIPTOMIC,Homo sapiens,ILLUMINA,2021-04-21T00:00:00Z,GSM4991253,Nasal turbinate tissue,SRP299574,,Influenza A,Nasal turbinate,,,,,,,Donor 2,,24 hours post infection,
PRJNA688321,SRR13319467,,RNA-Seq,84,2801161104,PRJNA688321,SAMN17173503,1219492226,,GEO,public,"sra,fastq","s3,gs","s3.us-east-1,gs.US",SRX9746947,GSM4991254,NextSeq 500,SINGLE,cDNA,TRANSCRIPTOMIC,Homo sapiens,ILLUMINA,2021-04-21T00:00:00Z,GSM4991254,Nasal turbinate tissue,SRP299574,,Influenza A,Nasal turbinate,,,,,,,Donor 2,,24 hours post infection,
PRJNA688321,SRR13319468,,RNA-Seq,84,2393936328,PRJNA688321,SAMN17173502,1037114206,,GEO,public,"sra,fastq","gs,s3","s3.us-east-1,gs.US",SRX9746948,GSM4991255,NextSeq 500,SINGLE,cDNA,TRANSCRIPTOMIC,Homo sapiens,ILLUMINA,2021-04-21T00:00:00Z,GSM4991255,Nasal turbinate tissue,SRP299574,,Influenza A,Nasal turbinate,,,,,,,Donor 3,,24 hours post infection,
PRJNA688321,SRR13319469,,RNA-Seq,84,3154791192,PRJNA688321,SAMN17173501,1357401298,,GEO,public,"fastq,sra","s3,gs","s3.us-east-1,gs.US",SRX9746949,GSM4991256,NextSeq 500,SINGLE,cDNA,TRANSCRIPTOMIC,Homo sapiens,ILLUMINA,2021-04-21T00:00:00Z,GSM4991256,Nasal turbinate tissue,SRP299574,,Influenza A,Nasal turbinate,,,,,,,Donor 3,,24 hours post infection,
PRJNA688321,SRR13319470,,RNA-Seq,84,2814754572,PRJNA688321,SAMN17173500,1214911876,,GEO,public,"sra,fastq","gs,s3","gs.US,s3.us-east-1",SRX9746950,GSM4991257,NextSeq 500,SINGLE,cDNA,TRANSCRIPTOMIC,Homo sapiens,ILLUMINA,2021-04-21T00:00:00Z,GSM4991257,Nasal turbinate tissue,SRP299574,,SARS-CoV-2,Nasal turbinate,,,,,,,Donor 1,,24 hours post infection,
PRJNA688321,SRR13319471,,RNA-Seq,84,2201406732,PRJNA688321,SAMN17173498,950470134,,GEO,public,"fastq,sra","gs,s3","gs.US,s3.us-east-1",SRX9746951,GSM4991258,NextSeq 500,SINGLE,cDNA,TRANSCRIPTOMIC,Homo sapiens,ILLUMINA,2021-04-21T00:00:00Z,GSM4991258,Nasal turbinate tissue,SRP299574,,SARS-CoV-2,Nasal turbinate,,,,,,,Donor 1,,24 hours post infection,
PRJNA688321,SRR13319472,,RNA-Seq,84,2055526452,PRJNA688321,SAMN17173524,891276372,,GEO,public,"fastq,sra","gs,s3","s3.us-east-1,gs.US",SRX9746952,GSM4991259,NextSeq 500,SINGLE,cDNA,TRANSCRIPTOMIC,Homo sapiens,ILLUMINA,2021-04-21T00:00:00Z,GSM4991259,Nasal turbinate tissue,SRP299574,,SARS-CoV-2,Nasal turbinate,,,,,,,Donor 2,,24 hours post infection,
PRJNA688321,SRR13319473,,RNA-Seq,84,2269426740,PRJNA688321,SAMN17173523,981834358,,GEO,public,"fastq,sra","s3,gs","gs.US,s3.us-east-1",SRX9746953,GSM4991260,NextSeq 500,SINGLE,cDNA,TRANSCRIPTOMIC,Homo sapiens,ILLUMINA,2021-04-21T00:00:00Z,GSM4991260,Nasal turbinate tissue,SRP299574,,SARS-CoV-2,Nasal turbinate,,,,,,,Donor 2,,24 hours post infection,
PRJNA688321,SRR13319474,,RNA-Seq,84,2651153568,PRJNA688321,SAMN17173522,1141210093,,GEO,public,"fastq,sra","s3,gs","s3.us-east-1,gs.US",SRX9746954,GSM4991261,NextSeq 500,SINGLE,cDNA,TRANSCRIPTOMIC,Homo sapiens,ILLUMINA,2021-04-21T00:00:00Z,GSM4991261,Nasal turbinate tissue,SRP299574,,SARS-CoV-2,Nasal turbinate,,,,,,,Donor 3,,24 hours post infection,
PRJNA688321,SRR13319475,,RNA-Seq,84,2620533384,PRJNA688321,SAMN17173521,1131582417,,GEO,public,"sra,fastq","gs,s3","s3.us-east-1,gs.US",SRX9746955,GSM4991262,NextSeq 500,SINGLE,cDNA,TRANSCRIPTOMIC,Homo sapiens,ILLUMINA,2021-04-21T00:00:00Z,GSM4991262,Nasal turbinate tissue,SRP299574,,SARS-CoV-2,Nasal turbinate,,,,,,,Donor 3,,24 hours post infection,
PRJNA688321,SRR13319476,,RNA-Seq,84,1575130704,PRJNA688321,SAMN17173520,690044362,,GEO,public,"fastq,sra","s3,gs","s3.us-east-1,gs.US",SRX9746956,GSM4991263,NextSeq 500,SINGLE,cDNA,TRANSCRIPTOMIC,Homo sapiens,ILLUMINA,2021-04-21T00:00:00Z,GSM4991263,Lung tissue,SRP299574,,Uninfected,Lung,,,,,,,Donor 4,,24 hours post infection,
PRJNA688321,SRR13319477,,RNA-Seq,84,1571976672,PRJNA688321,SAMN17173519,678148392,,GEO,public,"fastq,sra","s3,gs","gs.US,s3.us-east-1",SRX9746957,GSM4991264,NextSeq 500,SINGLE,cDNA,TRANSCRIPTOMIC,Homo sapiens,ILLUMINA,2021-04-21T00:00:00Z,GSM4991264,Lung tissue,SRP299574,,Uninfected,Lung,,,,,,,Donor 4,,24 hours post infection,
PRJNA688321,SRR13319478,,RNA-Seq,84,1657305552,PRJNA688321,SAMN17173518,724120671,,GEO,public,"sra,fastq","s3,gs","gs.US,s3.us-east-1",SRX9746958,GSM4991265,NextSeq 500,SINGLE,cDNA,TRANSCRIPTOMIC,Homo sapiens,ILLUMINA,2021-04-21T00:00:00Z,GSM4991265,Lung tissue,SRP299574,,Uninfected,Lung,,,,,,,Donor 5,,24 hours post infection,
PRJNA688321,SRR13319479,,RNA-Seq,84,1516323984,PRJNA688321,SAMN17173517,656020041,,GEO,public,"sra,fastq","s3,gs","s3.us-east-1,gs.US",SRX9746959,GSM4991266,NextSeq 500,SINGLE,cDNA,TRANSCRIPTOMIC,Homo sapiens,ILLUMINA,2021-04-21T00:00:00Z,GSM4991266,Lung tissue,SRP299574,,Uninfected,Lung,,,,,,,Donor 5,,24 hours post infection,
PRJNA688321,SRR13319480,,RNA-Seq,84,2177292852,PRJNA688321,SAMN17173516,943613505,,GEO,public,"fastq,sra","s3,gs","gs.US,s3.us-east-1",SRX9746960,GSM4991267,NextSeq 500,SINGLE,cDNA,TRANSCRIPTOMIC,Homo sapiens,ILLUMINA,2021-04-21T00:00:00Z,GSM4991267,Lung tissue,SRP299574,,Uninfected,Lung,,,,,,,Donor 6,,24 hours post infection,
PRJNA688321,SRR13319481,,RNA-Seq,84,2657043900,PRJNA688321,SAMN17173515,1153521826,,GEO,public,"fastq,sra","gs,s3","gs.US,s3.us-east-1",SRX9746961,GSM4991268,NextSeq 500,SINGLE,cDNA,TRANSCRIPTOMIC,Homo sapiens,ILLUMINA,2021-04-21T00:00:00Z,GSM4991268,Lung tissue,SRP299574,,Uninfected,Lung,,,,,,,Donor 6,,24 hours post infection,
PRJNA688321,SRR13319482,,RNA-Seq,84,1964880036,PRJNA688321,SAMN17173514,840988547,,GEO,public,"sra,fastq","gs,s3","s3.us-east-1,gs.US",SRX9746962,GSM4991269,NextSeq 500,SINGLE,cDNA,TRANSCRIPTOMIC,Homo sapiens,ILLUMINA,2021-04-21T00:00:00Z,GSM4991269,Lung tissue,SRP299574,,Uninfected,Lung,,,,,,,Donor 7,,24 hours post infection,
PRJNA688321,SRR13319483,,RNA-Seq,84,1929533256,PRJNA688321,SAMN17173513,836028208,,GEO,public,"fastq,sra","gs,s3","s3.us-east-1,gs.US",SRX9746963,GSM4991270,NextSeq 500,SINGLE,cDNA,TRANSCRIPTOMIC,Homo sapiens,ILLUMINA,2021-04-21T00:00:00Z,GSM4991270,Lung tissue,SRP299574,,Uninfected,Lung,,,,,,,Donor 7,,24 hours post infection,
PRJNA688321,SRR13319484,,RNA-Seq,84,1846599636,PRJNA688321,SAMN17173541,795043890,,GEO,public,"sra,fastq","gs,s3","gs.US,s3.us-east-1",SRX9746964,GSM4991271,NextSeq 500,SINGLE,cDNA,TRANSCRIPTOMIC,Homo sapiens,ILLUMINA,2021-04-21T00:00:00Z,GSM4991271,Lung tissue,SRP299574,,Uninfected,Lung,,,,,,,Donor 8,,24 hours post infection,
PRJNA688321,SRR13319485,,RNA-Seq,84,2369433108,PRJNA688321,SAMN17173540,1005763774,,GEO,public,"sra,fastq","gs,s3","gs.US,s3.us-east-1",SRX9746965,GSM4991272,NextSeq 500,SINGLE,cDNA,TRANSCRIPTOMIC,Homo sapiens,ILLUMINA,2021-04-21T00:00:00Z,GSM4991272,Lung tissue,SRP299574,,Uninfected,Lung,,,,,,,Donor 8,,24 hours post infection,
PRJNA688321,SRR13319486,,RNA-Seq,84,1385025012,PRJNA688321,SAMN17173539,610051102,,GEO,public,"sra,fastq","gs,s3","gs.US,s3.us-east-1",SRX9746966,GSM4991273,NextSeq 500,SINGLE,cDNA,TRANSCRIPTOMIC,Homo sapiens,ILLUMINA,2021-04-21T00:00:00Z,GSM4991273,Lung tissue,SRP299574,,Influenza A,Lung,,,,,,,Donor 4,,24 hours post infection,
PRJNA688321,SRR13319487,,RNA-Seq,84,1631071008,PRJNA688321,SAMN17173538,704501641,,GEO,public,"sra,fastq","s3,gs","gs.US,s3.us-east-1",SRX9746967,GSM4991274,NextSeq 500,SINGLE,cDNA,TRANSCRIPTOMIC,Homo sapiens,ILLUMINA,2021-04-21T00:00:00Z,GSM4991274,Lung tissue,SRP299574,,Influenza A,Lung,,,,,,,Donor 4,,24 hours post infection,
PRJNA688321,SRR13319488,,RNA-Seq,84,2027505396,PRJNA688321,SAMN17173537,877147863,,GEO,public,"sra,fastq","gs,s3","gs.US,s3.us-east-1",SRX9746968,GSM4991275,NextSeq 500,SINGLE,cDNA,TRANSCRIPTOMIC,Homo sapiens,ILLUMINA,2021-04-21T00:00:00Z,GSM4991275,Lung tissue,SRP299574,,Influenza A,Lung,,,,,,,Donor 5,,24 hours post infection,
PRJNA688321,SRR13319489,,RNA-Seq,84,1894377492,PRJNA688321,SAMN17173536,810281453,,GEO,public,"sra,fastq","gs,s3","s3.us-east-1,gs.US",SRX9746969,GSM4991276,NextSeq 500,SINGLE,cDNA,TRANSCRIPTOMIC,Homo sapiens,ILLUMINA,2021-04-21T00:00:00Z,GSM4991276,Lung tissue,SRP299574,,Influenza A,Lung,,,,,,,Donor 5,,24 hours post infection,
PRJNA688321,SRR13319490,,RNA-Seq,84,2318256780,PRJNA688321,SAMN17173535,1005672410,,GEO,public,"sra,fastq","s3,gs","gs.US,s3.us-east-1",SRX9746970,GSM4991277,NextSeq 500,SINGLE,cDNA,TRANSCRIPTOMIC,Homo sapiens,ILLUMINA,2021-04-21T00:00:00Z,GSM4991277,Lung tissue,SRP299574,,Influenza A,Lung,,,,,,,Donor 6,,24 hours post infection,
PRJNA688321,SRR13319491,,RNA-Seq,84,2020326336,PRJNA688321,SAMN17173534,871639508,,GEO,public,"fastq,sra","gs,s3","s3.us-east-1,gs.US",SRX9746971,GSM4991278,NextSeq 500,SINGLE,cDNA,TRANSCRIPTOMIC,Homo sapiens,ILLUMINA,2021-04-21T00:00:00Z,GSM4991278,Lung tissue,SRP299574,,Influenza A,Lung,,,,,,,Donor 6,,24 hours post infection,
PRJNA688321,SRR13319492,,RNA-Seq,84,1853811960,PRJNA688321,SAMN17173533,784565047,,GEO,public,"fastq,sra","gs,s3","s3.us-east-1,gs.US",SRX9746972,GSM4991279,NextSeq 500,SINGLE,cDNA,TRANSCRIPTOMIC,Homo sapiens,ILLUMINA,2021-04-21T00:00:00Z,GSM4991279,Lung tissue,SRP299574,,Influenza A,Lung,,,,,,,Donor 7,,24 hours post infection,
PRJNA688321,SRR13319493,,RNA-Seq,84,1874245044,PRJNA688321,SAMN17173532,808422062,,GEO,public,"fastq,sra","s3,gs","gs.US,s3.us-east-1",SRX9746973,GSM4991280,NextSeq 500,SINGLE,cDNA,TRANSCRIPTOMIC,Homo sapiens,ILLUMINA,2021-04-21T00:00:00Z,GSM4991280,Lung tissue,SRP299574,,Influenza A,Lung,,,,,,,Donor 7,,24 hours post infection,
PRJNA688321,SRR13319494,,RNA-Seq,84,1790847828,PRJNA688321,SAMN17173531,787875319,,GEO,public,"fastq,sra","gs,s3","s3.us-east-1,gs.US",SRX9746974,GSM4991281,NextSeq 500,SINGLE,cDNA,TRANSCRIPTOMIC,Homo sapiens,ILLUMINA,2021-04-21T00:00:00Z,GSM4991281,Lung tissue,SRP299574,,Influenza A,Lung,,,,,,,Donor 8,,24 hours post infection,
PRJNA688321,SRR13319495,,RNA-Seq,84,2348853444,PRJNA688321,SAMN17173530,998152292,,GEO,public,"sra,fastq","gs,s3","s3.us-east-1,gs.US",SRX9746975,GSM4991282,NextSeq 500,SINGLE,cDNA,TRANSCRIPTOMIC,Homo sapiens,ILLUMINA,2021-04-21T00:00:00Z,GSM4991282,Lung tissue,SRP299574,,Influenza A,Lung,,,,,,,Donor 8,,24 hours post infection,
PRJNA688321,SRR13319496,,RNA-Seq,84,1567699476,PRJNA688321,SAMN17173529,687940931,,GEO,public,"sra,fastq","s3,gs","s3.us-east-1,gs.US",SRX9746976,GSM4991283,NextSeq 500,SINGLE,cDNA,TRANSCRIPTOMIC,Homo sapiens,ILLUMINA,2021-04-21T00:00:00Z,GSM4991283,Lung tissue,SRP299574,,SARS-CoV-2,Lung,,,,,,,Donor 4,,24 hours post infection,
PRJNA688321,SRR13319497,,RNA-Seq,84,1699333524,PRJNA688321,SAMN17173528,730769213,,GEO,public,"fastq,sra","s3,gs","s3.us-east-1,gs.US",SRX9746977,GSM4991284,NextSeq 500,SINGLE,cDNA,TRANSCRIPTOMIC,Homo sapiens,ILLUMINA,2021-04-21T00:00:00Z,GSM4991284,Lung tissue,SRP299574,,SARS-CoV-2,Lung,,,,,,,Donor 4,,24 hours post infection,
PRJNA688321,SRR13319498,,RNA-Seq,84,2121265440,PRJNA688321,SAMN17173527,939277034,,GEO,public,"sra,fastq","gs,s3","s3.us-east-1,gs.US",SRX9746978,GSM4991285,NextSeq 500,SINGLE,cDNA,TRANSCRIPTOMIC,Homo sapiens,ILLUMINA,2021-04-21T00:00:00Z,GSM4991285,Lung tissue,SRP299574,,SARS-CoV-2,Lung,,,,,,,Donor 5,,24 hours post infection,
PRJNA688321,SRR13319499,,RNA-Seq,84,2672584992,PRJNA688321,SAMN17173526,1138336982,,GEO,public,"sra,fastq","s3,gs","gs.US,s3.us-east-1",SRX9746979,GSM4991286,NextSeq 500,SINGLE,cDNA,TRANSCRIPTOMIC,Homo sapiens,ILLUMINA,2021-04-21T00:00:00Z,GSM4991286,Lung tissue,SRP299574,,SARS-CoV-2,Lung,,,,,,,Donor 5,,24 hours post infection,
PRJNA688321,SRR13319500,,RNA-Seq,84,2103882144,PRJNA688321,SAMN17173525,908053339,,GEO,public,"fastq,sra","s3,gs","gs.US,s3.us-east-1",SRX9746980,GSM4991287,NextSeq 500,SINGLE,cDNA,TRANSCRIPTOMIC,Homo sapiens,ILLUMINA,2021-04-21T00:00:00Z,GSM4991287,Lung tissue,SRP299574,,SARS-CoV-2,Lung,,,,,,,Donor 6,,24 hours post infection,
PRJNA688321,SRR13319501,,RNA-Seq,84,2079082404,PRJNA688321,SAMN17173547,902262196,,GEO,public,"fastq,sra","gs,s3","s3.us-east-1,gs.US",SRX9746981,GSM4991288,NextSeq 500,SINGLE,cDNA,TRANSCRIPTOMIC,Homo sapiens,ILLUMINA,2021-04-21T00:00:00Z,GSM4991288,Lung tissue,SRP299574,,SARS-CoV-2,Lung,,,,,,,Donor 6,,24 hours post infection,
PRJNA688321,SRR13319502,,RNA-Seq,84,1713521460,PRJNA688321,SAMN17173546,724554415,,GEO,public,"fastq,sra","gs,s3","s3.us-east-1,gs.US",SRX9746982,GSM4991289,NextSeq 500,SINGLE,cDNA,TRANSCRIPTOMIC,Homo sapiens,ILLUMINA,2021-04-21T00:00:00Z,GSM4991289,Lung tissue,SRP299574,,SARS-CoV-2,Lung,,,,,,,Donor 7,,24 hours post infection,
PRJNA688321,SRR13319503,,RNA-Seq,84,1867992672,PRJNA688321,SAMN17173545,802718395,,GEO,public,"sra,fastq","s3,gs","gs.US,s3.us-east-1",SRX9746983,GSM4991290,NextSeq 500,SINGLE,cDNA,TRANSCRIPTOMIC,Homo sapiens,ILLUMINA,2021-04-21T00:00:00Z,GSM4991290,Lung tissue,SRP299574,,SARS-CoV-2,Lung,,,,,,,Donor 7,,24 hours post infection,
PRJNA688321,SRR13319504,,RNA-Seq,84,2470836312,PRJNA688321,SAMN17173544,1064111023,,GEO,public,"fastq,sra","gs,s3","s3.us-east-1,gs.US",SRX9746984,GSM4991291,NextSeq 500,SINGLE,cDNA,TRANSCRIPTOMIC,Homo sapiens,ILLUMINA,2021-04-21T00:00:00Z,GSM4991291,Lung tissue,SRP299574,,SARS-CoV-2,Lung,,,,,,,Donor 8,,24 hours post infection,
PRJNA688321,SRR13319505,,RNA-Seq,84,2630448912,PRJNA688321,SAMN17173543,1121545370,,GEO,public,"sra,fastq","gs,s3","gs.US,s3.us-east-1",SRX9746985,GSM4991292,NextSeq 500,SINGLE,cDNA,TRANSCRIPTOMIC,Homo sapiens,ILLUMINA,2021-04-21T00:00:00Z,GSM4991292,Lung tissue,SRP299574,,SARS-CoV-2,Lung,,,,,,,Donor 8,,24 hours post infection,
PRJNA791847,SRR17319817,,RNA-Seq,99,5786198142,PRJNA791847,SAMN24365602,1871069389,,"RESEARCH GROUP BIOMARKERS FOR INFECTIOUS DISEASES, EXPERIMENTAL INFECTION RESEARCH, CENTER FOR EXPERIMENTAL AND CLINICAL INFECTION RESEARCH GMBH",public,"sra,fastq","ncbi,s3,gs","gs.US,s3.us-east-1,ncbi.public",SRX13496351,,Illumina NovaSeq 6000,PAIRED,cDNA,TRANSCRIPTOMIC,Homo sapiens,ILLUMINA,2021-12-30T00:00:00Z,GSM5750646,lung,SRP352272,,Influenza A virus (IAV),,,,,,,,,,,A23
PRJNA791847,SRR17319818,,RNA-Seq,100,5436932527,PRJNA791847,SAMN24365603,1711469545,,"RESEARCH GROUP BIOMARKERS FOR INFECTIOUS DISEASES, EXPERIMENTAL INFECTION RESEARCH, CENTER FOR EXPERIMENTAL AND CLINICAL INFECTION RESEARCH GMBH",public,"fastq,sra","ncbi,gs,s3","gs.US,ncbi.public,s3.us-east-1",SRX13496350,,Illumina NovaSeq 6000,PAIRED,cDNA,TRANSCRIPTOMIC,Homo sapiens,ILLUMINA,2021-12-30T00:00:00Z,GSM5750645,lung,SRP352272,,Pseudomonas aeruginosa (PA),,,,,,,,,,,A23
PRJNA791847,SRR17319820,,RNA-Seq,100,6286843989,PRJNA791847,SAMN24365605,1976750898,,"RESEARCH GROUP BIOMARKERS FOR INFECTIOUS DISEASES, EXPERIMENTAL INFECTION RESEARCH, CENTER FOR EXPERIMENTAL AND CLINICAL INFECTION RESEARCH GMBH",public,"sra,fastq","s3,gs","gs.US,s3.us-east-1",SRX13496348,,Illumina NovaSeq 6000,PAIRED,cDNA,TRANSCRIPTOMIC,Homo sapiens,ILLUMINA,2021-12-30T00:00:00Z,GSM5750643,lung,SRP352272,,Uninfected,,,,,,,,,,,A22
PRJNA791847,SRR17319821,,RNA-Seq,99,6949998591,PRJNA791847,SAMN24365606,2203692913,,"RESEARCH GROUP BIOMARKERS FOR INFECTIOUS DISEASES, EXPERIMENTAL INFECTION RESEARCH, CENTER FOR EXPERIMENTAL AND CLINICAL INFECTION RESEARCH GMBH",public,"sra,fastq","gs,s3","s3.us-east-1,gs.US",SRX13496347,,Illumina NovaSeq 6000,PAIRED,cDNA,TRANSCRIPTOMIC,Homo sapiens,ILLUMINA,2021-12-30T00:00:00Z,GSM5750642,lung,SRP352272,,Influenza A virus (IAV),,,,,,,,,,,A22
PRJNA791847,SRR17319822,,RNA-Seq,100,5861047682,PRJNA791847,SAMN24365607,1894081553,,"RESEARCH GROUP BIOMARKERS FOR INFECTIOUS DISEASES, EXPERIMENTAL INFECTION RESEARCH, CENTER FOR EXPERIMENTAL AND CLINICAL INFECTION RESEARCH GMBH",public,"sra,fastq","gs,s3","gs.US,s3.us-east-1",SRX13496346,,Illumina NovaSeq 6000,PAIRED,cDNA,TRANSCRIPTOMIC,Homo sapiens,ILLUMINA,2021-12-30T00:00:00Z,GSM5750641,lung,SRP352272,,Pseudomonas aeruginosa (PA),,,,,,,,,,,A22
PRJNA791847,SRR17319823,,RNA-Seq,99,6822114249,PRJNA791847,SAMN24365608,2173372051,,"RESEARCH GROUP BIOMARKERS FOR INFECTIOUS DISEASES, EXPERIMENTAL INFECTION RESEARCH, CENTER FOR EXPERIMENTAL AND CLINICAL INFECTION RESEARCH GMBH",public,"fastq,sra","gs,s3","s3.us-east-1,gs.US",SRX13496345,,Illumina NovaSeq 6000,PAIRED,cDNA,TRANSCRIPTOMIC,Homo sapiens,ILLUMINA,2021-12-30T00:00:00Z,GSM5750640,lung,SRP352272,,Mycobacterium bovis (BCG),,,,,,,,,,,A22
PRJNA791847,SRR17319825,,RNA-Seq,99,5937957169,PRJNA791847,SAMN24365610,1900302736,,"RESEARCH GROUP BIOMARKERS FOR INFECTIOUS DISEASES, EXPERIMENTAL INFECTION RESEARCH, CENTER FOR EXPERIMENTAL AND CLINICAL INFECTION RESEARCH GMBH",public,"fastq,sra","gs,s3","s3.us-east-1,gs.US",SRX13496343,,Illumina NovaSeq 6000,PAIRED,cDNA,TRANSCRIPTOMIC,Homo sapiens,ILLUMINA,2021-12-30T00:00:00Z,GSM5750638,lung,SRP352272,,Influenza A virus (IAV),,,,,,,,,,,A21
PRJNA791847,SRR17319826,,RNA-Seq,99,6041979652,PRJNA791847,SAMN24365611,1928589143,,"RESEARCH GROUP BIOMARKERS FOR INFECTIOUS DISEASES, EXPERIMENTAL INFECTION RESEARCH, CENTER FOR EXPERIMENTAL AND CLINICAL INFECTION RESEARCH GMBH",public,"fastq,sra","gs,s3","s3.us-east-1,gs.US",SRX13496342,,Illumina NovaSeq 6000,PAIRED,cDNA,TRANSCRIPTOMIC,Homo sapiens,ILLUMINA,2021-12-30T00:00:00Z,GSM5750637,lung,SRP352272,,Pseudomonas aeruginosa (PA),,,,,,,,,,,A21
PRJNA791847,SRR17319827,,RNA-Seq,99,7743270206,PRJNA791847,SAMN24365612,2465117879,,"RESEARCH GROUP BIOMARKERS FOR INFECTIOUS DISEASES, EXPERIMENTAL INFECTION RESEARCH, CENTER FOR EXPERIMENTAL AND CLINICAL INFECTION RESEARCH GMBH",public,"sra,fastq","s3,gs","s3.us-east-1,gs.US",SRX13496341,,Illumina NovaSeq 6000,PAIRED,cDNA,TRANSCRIPTOMIC,Homo sapiens,ILLUMINA,2021-12-30T00:00:00Z,GSM5750636,lung,SRP352272,,Mycobacterium bovis (BCG),,,,,,,,,,,A21
PRJNA791847,SRR17319828,,RNA-Seq,99,5617484877,PRJNA791847,SAMN24365613,1836038785,,"RESEARCH GROUP BIOMARKERS FOR INFECTIOUS DISEASES, EXPERIMENTAL INFECTION RESEARCH, CENTER FOR EXPERIMENTAL AND CLINICAL INFECTION RESEARCH GMBH",public,"fastq,sra","s3,gs","gs.US,s3.us-east-1",SRX13496340,,Illumina NovaSeq 6000,PAIRED,cDNA,TRANSCRIPTOMIC,Homo sapiens,ILLUMINA,2021-12-30T00:00:00Z,GSM5750635,lung,SRP352272,,Uninfected,,,,,,,,,,,A20
PRJNA791847,SRR17319829,,RNA-Seq,99,6164848938,PRJNA791847,SAMN24365614,1979755323,,"RESEARCH GROUP BIOMARKERS FOR INFECTIOUS DISEASES, EXPERIMENTAL INFECTION RESEARCH, CENTER FOR EXPERIMENTAL AND CLINICAL INFECTION RESEARCH GMBH",public,"fastq,sra","s3,gs","gs.US,s3.us-east-1",SRX13496339,,Illumina NovaSeq 6000,PAIRED,cDNA,TRANSCRIPTOMIC,Homo sapiens,ILLUMINA,2021-12-30T00:00:00Z,GSM5750634,lung,SRP352272,,Influenza A virus (IAV),,,,,,,,,,,A20
PRJNA791847,SRR17319830,,RNA-Seq,99,5654829859,PRJNA791847,SAMN24365615,1839582455,,"RESEARCH GROUP BIOMARKERS FOR INFECTIOUS DISEASES, EXPERIMENTAL INFECTION RESEARCH, CENTER FOR EXPERIMENTAL AND CLINICAL INFECTION RESEARCH GMBH",public,"fastq,sra","gs,s3","gs.US,s3.us-east-1",SRX13496338,,Illumina NovaSeq 6000,PAIRED,cDNA,TRANSCRIPTOMIC,Homo sapiens,ILLUMINA,2021-12-30T00:00:00Z,GSM5750633,lung,SRP352272,,Pseudomonas aeruginosa (PA),,,,,,,,,,,A20
PRJNA791847,SRR17319831,,RNA-Seq,99,2906722667,PRJNA791847,SAMN24365616,938489747,,"RESEARCH GROUP BIOMARKERS FOR INFECTIOUS DISEASES, EXPERIMENTAL INFECTION RESEARCH, CENTER FOR EXPERIMENTAL AND CLINICAL INFECTION RESEARCH GMBH",public,"sra,fastq","gs,s3","s3.us-east-1,gs.US",SRX13496337,,Illumina NovaSeq 6000,PAIRED,cDNA,TRANSCRIPTOMIC,Homo sapiens,ILLUMINA,2021-12-30T00:00:00Z,GSM5750632,lung,SRP352272,,Mycobacterium bovis (BCG),,,,,,,,,,,A20
PRJNA791847,SRR17319832,,RNA-Seq,99,5167659111,PRJNA791847,SAMN24365617,1654473630,,"RESEARCH GROUP BIOMARKERS FOR INFECTIOUS DISEASES, EXPERIMENTAL INFECTION RESEARCH, CENTER FOR EXPERIMENTAL AND CLINICAL INFECTION RESEARCH GMBH",public,"fastq,sra","gs,s3","gs.US,s3.us-east-1",SRX13496336,,Illumina NovaSeq 6000,PAIRED,cDNA,TRANSCRIPTOMIC,Homo sapiens,ILLUMINA,2021-12-30T00:00:00Z,GSM5750631,lung,SRP352272,,Uninfected,,,,,,,,,,,A19
PRJNA791847,SRR17319833,,RNA-Seq,99,6579907127,PRJNA791847,SAMN24365618,2107263736,,"RESEARCH GROUP BIOMARKERS FOR INFECTIOUS DISEASES, EXPERIMENTAL INFECTION RESEARCH, CENTER FOR EXPERIMENTAL AND CLINICAL INFECTION RESEARCH GMBH",public,"fastq,sra","s3,ncbi,gs","s3.us-east-1,gs.US,ncbi.public",SRX13496335,,Illumina NovaSeq 6000,PAIRED,cDNA,TRANSCRIPTOMIC,Homo sapiens,ILLUMINA,2021-12-30T00:00:00Z,GSM5750630,lung,SRP352272,,Influenza A virus (IAV),,,,,,,,,,,A19
PRJNA791847,SRR17319834,,RNA-Seq,99,4893831544,PRJNA791847,SAMN24365619,1582529141,,"RESEARCH GROUP BIOMARKERS FOR INFECTIOUS DISEASES, EXPERIMENTAL INFECTION RESEARCH, CENTER FOR EXPERIMENTAL AND CLINICAL INFECTION RESEARCH GMBH",public,"fastq,sra","gs,s3","gs.US,s3.us-east-1",SRX13496334,,Illumina NovaSeq 6000,PAIRED,cDNA,TRANSCRIPTOMIC,Homo sapiens,ILLUMINA,2021-12-30T00:00:00Z,GSM5750629,lung,SRP352272,,Pseudomonas aeruginosa (PA),,,,,,,,,,,A19
PRJNA791847,SRR17319835,,RNA-Seq,99,6400123453,PRJNA791847,SAMN24365620,2035410061,,"RESEARCH GROUP BIOMARKERS FOR INFECTIOUS DISEASES, EXPERIMENTAL INFECTION RESEARCH, CENTER FOR EXPERIMENTAL AND CLINICAL INFECTION RESEARCH GMBH",public,"fastq,sra","gs,s3","s3.us-east-1,gs.US",SRX13496333,,Illumina NovaSeq 6000,PAIRED,cDNA,TRANSCRIPTOMIC,Homo sapiens,ILLUMINA,2021-12-30T00:00:00Z,GSM5750628,lung,SRP352272,,Mycobacterium bovis (BCG),,,,,,,,,,,A19
PRJNA791847,SRR17319816,,RNA-Seq,99,6087594645,PRJNA791847,SAMN24365601,1947349983,,"RESEARCH GROUP BIOMARKERS FOR INFECTIOUS DISEASES, EXPERIMENTAL INFECTION RESEARCH, CENTER FOR EXPERIMENTAL AND CLINICAL INFECTION RESEARCH GMBH",public,"fastq,sra","gs,s3","s3.us-east-1,gs.US",SRX13496352,,Illumina NovaSeq 6000,PAIRED,cDNA,TRANSCRIPTOMIC,Homo sapiens,ILLUMINA,2021-12-30T00:00:00Z,GSM5750647,lung,SRP352272,,Uninfected,,,,,,,,,,,A23
PRJNA791847,SRR17319819,,RNA-Seq,99,5541618105,PRJNA791847,SAMN24365604,1754742691,,"RESEARCH GROUP BIOMARKERS FOR INFECTIOUS DISEASES, EXPERIMENTAL INFECTION RESEARCH, CENTER FOR EXPERIMENTAL AND CLINICAL INFECTION RESEARCH GMBH",public,"fastq,sra","s3,gs","s3.us-east-1,gs.US",SRX13496349,,Illumina NovaSeq 6000,PAIRED,cDNA,TRANSCRIPTOMIC,Homo sapiens,ILLUMINA,2021-12-30T00:00:00Z,GSM5750644,lung,SRP352272,,Mycobacterium bovis (BCG),,,,,,,,,,,A23
PRJNA791847,SRR17319824,,RNA-Seq,99,4334052887,PRJNA791847,SAMN24365609,1393726386,,"RESEARCH GROUP BIOMARKERS FOR INFECTIOUS DISEASES, EXPERIMENTAL INFECTION RESEARCH, CENTER FOR EXPERIMENTAL AND CLINICAL INFECTION RESEARCH GMBH",public,"fastq,sra","gs,s3","gs.US,s3.us-east-1",SRX13496344,,Illumina NovaSeq 6000,PAIRED,cDNA,TRANSCRIPTOMIC,Homo sapiens,ILLUMINA,2021-12-30T00:00:00Z,GSM5750639,lung,SRP352272,,Uninfected,,,,,,,,,,,A21