Run,Assay Type,AvgSpotLen,Bases,BioProject,BioSample,Bytes,Cell_type,Center Name,Condition,Consent,DATASTORE filetype,DATASTORE provider,DATASTORE region,Donor,Experiment,infection,Instrument,Library Name,LibraryLayout,LibrarySelection,LibrarySource,Organism,Platform,ReleaseDate,Sample Name,source_name,SRA Study,Time_point
SRR16676454,RNA-Seq,100,4552689500,PRJNA776746,SAMN22818690,1406171647,Human airway epithelial cells,WYSS INSTITUTE,NHB,public,"sra,fastq","gs,s3,ncbi","gs.US,s3.us-east-1,ncbi.public",623950,SRX12877256,influenza A virus,Illumina NovaSeq 6000,GSM5663616,PAIRED,cDNA,TRANSCRIPTOMIC,Homo sapiens,ILLUMINA,2022-04-01T00:00:00Z,GSM5663616,Human airway epithelial cells,SRP344018,18 hr
SRR16676455,RNA-Seq,100,3862526100,PRJNA776746,SAMN22818691,1216675213,Human airway epithelial cells,WYSS INSTITUTE,COPD,public,"sra,fastq","ncbi,gs,s3","ncbi.public,gs.US,s3.us-east-1",103224,SRX12877255,control,Illumina NovaSeq 6000,GSM5663615,PAIRED,cDNA,TRANSCRIPTOMIC,Homo sapiens,ILLUMINA,2022-04-01T00:00:00Z,GSM5663615,Human airway epithelial cells,SRP344018,4 hr
SRR16676456,RNA-Seq,100,4237166700,PRJNA776746,SAMN22818692,1298496082,Human airway epithelial cells,WYSS INSTITUTE,NHB,public,"sra,fastq","gs,s3,ncbi","gs.US,ncbi.public,s3.us-east-1",623950,SRX12877254,influenza A virus,Illumina NovaSeq 6000,GSM5663614,PAIRED,cDNA,TRANSCRIPTOMIC,Homo sapiens,ILLUMINA,2022-04-01T00:00:00Z,GSM5663614,Human airway epithelial cells,SRP344018,18 hr
SRR16676457,RNA-Seq,100,3350925500,PRJNA776746,SAMN22818693,1058593152,Human airway epithelial cells,WYSS INSTITUTE,COPD,public,"sra,fastq","ncbi,s3,gs","s3.us-east-1,ncbi.public,gs.US",436083,SRX12877253,influenza A virus,Illumina NovaSeq 6000,GSM5663613,PAIRED,cDNA,TRANSCRIPTOMIC,Homo sapiens,ILLUMINA,2022-04-01T00:00:00Z,GSM5663613,Human airway epithelial cells,SRP344018,18 hr
SRR16676458,RNA-Seq,100,2321774500,PRJNA776746,SAMN22818694,740088166,Human airway epithelial cells,WYSS INSTITUTE,COPD,public,"sra,fastq","gs,s3,ncbi","s3.us-east-1,ncbi.public,gs.US",436083,SRX12877252,influenza A virus,Illumina NovaSeq 6000,GSM5663612,PAIRED,cDNA,TRANSCRIPTOMIC,Homo sapiens,ILLUMINA,2022-04-01T00:00:00Z,GSM5663612,Human airway epithelial cells,SRP344018,18 hr
SRR16676459,RNA-Seq,100,4115811500,PRJNA776746,SAMN22818695,1263441437,Human airway epithelial cells,WYSS INSTITUTE,NHB,public,"fastq,sra","s3,gs,ncbi","s3.us-east-1,gs.US,ncbi.public",623950,SRX12877251,influenza A virus,Illumina NovaSeq 6000,GSM5663611,PAIRED,cDNA,TRANSCRIPTOMIC,Homo sapiens,ILLUMINA,2022-04-01T00:00:00Z,GSM5663611,Human airway epithelial cells,SRP344018,18 hr
SRR16676460,RNA-Seq,100,4182537500,PRJNA776746,SAMN22818696,1282146804,Human airway epithelial cells,WYSS INSTITUTE,NHB,public,"fastq,sra","gs,ncbi,s3","s3.us-east-1,gs.US,ncbi.public",623950,SRX12877250,poly_ic,Illumina NovaSeq 6000,GSM5663610,PAIRED,cDNA,TRANSCRIPTOMIC,Homo sapiens,ILLUMINA,2022-04-01T00:00:00Z,GSM5663610,Human airway epithelial cells,SRP344018,18 hr
SRR16676462,RNA-Seq,100,2219267000,PRJNA776746,SAMN22818698,702911484,Human airway epithelial cells,WYSS INSTITUTE,COPD,public,"sra,fastq","s3,ncbi,gs","s3.us-east-1,ncbi.public,gs.US",436083,SRX12877248,influenza A virus,Illumina NovaSeq 6000,GSM5663608,PAIRED,cDNA,TRANSCRIPTOMIC,Homo sapiens,ILLUMINA,2022-04-01T00:00:00Z,GSM5663608,Human airway epithelial cells,SRP344018,18 hr
SRR16676463,RNA-Seq,100,6581581800,PRJNA776746,SAMN22818699,2012647641,Human airway epithelial cells,WYSS INSTITUTE,NHB,public,"sra,fastq","gs,s3,ncbi","s3.us-east-1,ncbi.public,gs.US",623950,SRX12877247,poly_ic,Illumina NovaSeq 6000,GSM5663607,PAIRED,cDNA,TRANSCRIPTOMIC,Homo sapiens,ILLUMINA,2022-04-01T00:00:00Z,GSM5663607,Human airway epithelial cells,SRP344018,18 hr
SRR16676464,RNA-Seq,100,3583068800,PRJNA776746,SAMN22818700,1150990679,Human airway epithelial cells,WYSS INSTITUTE,COPD,public,"sra,fastq","gs,s3,ncbi","gs.US,ncbi.public,s3.us-east-1",436083,SRX12877246,poly_ic,Illumina NovaSeq 6000,GSM5663606,PAIRED,cDNA,TRANSCRIPTOMIC,Homo sapiens,ILLUMINA,2022-04-01T00:00:00Z,GSM5663606,Human airway epithelial cells,SRP344018,18 hr
SRR16676465,RNA-Seq,100,6303715600,PRJNA776746,SAMN22818701,1968392603,Human airway epithelial cells,WYSS INSTITUTE,NHB,public,"fastq,sra","gs,ncbi,s3","gs.US,s3.us-east-1,ncbi.public",623950,SRX12877245,poly_ic,Illumina NovaSeq 6000,GSM5663605,PAIRED,cDNA,TRANSCRIPTOMIC,Homo sapiens,ILLUMINA,2022-04-01T00:00:00Z,GSM5663605,Human airway epithelial cells,SRP344018,18 hr
SRR16676466,RNA-Seq,100,4170351400,PRJNA776746,SAMN22818702,1315163886,Human airway epithelial cells,WYSS INSTITUTE,COPD,public,"sra,fastq","s3,gs,ncbi","gs.US,s3.us-east-1,ncbi.public",436083,SRX12877244,poly_ic,Illumina NovaSeq 6000,GSM5663604,PAIRED,cDNA,TRANSCRIPTOMIC,Homo sapiens,ILLUMINA,2022-04-01T00:00:00Z,GSM5663604,Human airway epithelial cells,SRP344018,18 hr
SRR16676467,RNA-Seq,100,7150334800,PRJNA776746,SAMN22818703,2175991109,Human airway epithelial cells,WYSS INSTITUTE,NHB,public,"sra,fastq","ncbi,gs,s3","ncbi.public,gs.US,s3.us-east-1",623950,SRX12877243,poly_ic,Illumina NovaSeq 6000,GSM5663603,PAIRED,cDNA,TRANSCRIPTOMIC,Homo sapiens,ILLUMINA,2022-04-01T00:00:00Z,GSM5663603,Human airway epithelial cells,SRP344018,18 hr
SRR16676468,RNA-Seq,100,4340984900,PRJNA776746,SAMN22818704,1345964942,Human airway epithelial cells,WYSS INSTITUTE,NHB,public,"fastq,sra","s3,ncbi,gs","s3.us-east-1,gs.US,ncbi.public",623950,SRX12877242,control,Illumina NovaSeq 6000,GSM5663602,PAIRED,cDNA,TRANSCRIPTOMIC,Homo sapiens,ILLUMINA,2022-04-01T00:00:00Z,GSM5663602,Human airway epithelial cells,SRP344018,18 hr
SRR16676469,RNA-Seq,100,5318714700,PRJNA776746,SAMN22818705,1687144791,Human airway epithelial cells,WYSS INSTITUTE,COPD,public,"fastq,sra","s3,ncbi,gs","s3.us-east-1,gs.US,ncbi.public",436083,SRX12877241,poly_ic,Illumina NovaSeq 6000,GSM5663601,PAIRED,cDNA,TRANSCRIPTOMIC,Homo sapiens,ILLUMINA,2022-04-01T00:00:00Z,GSM5663601,Human airway epithelial cells,SRP344018,18 hr
SRR16676470,RNA-Seq,100,4677050500,PRJNA776746,SAMN22818706,1460824183,Human airway epithelial cells,WYSS INSTITUTE,NHB,public,"sra,fastq","s3,gs,ncbi","ncbi.public,gs.US,s3.us-east-1",623950,SRX12877240,control,Illumina NovaSeq 6000,GSM5663600,PAIRED,cDNA,TRANSCRIPTOMIC,Homo sapiens,ILLUMINA,2022-04-01T00:00:00Z,GSM5663600,Human airway epithelial cells,SRP344018,18 hr
SRR16676471,RNA-Seq,100,3533645600,PRJNA776746,SAMN22818707,1107325359,Human airway epithelial cells,WYSS INSTITUTE,COPD,public,"fastq,sra","s3,ncbi,gs","gs.US,s3.us-east-1,ncbi.public",436083,SRX12877239,poly_ic,Illumina NovaSeq 6000,GSM5663599,PAIRED,cDNA,TRANSCRIPTOMIC,Homo sapiens,ILLUMINA,2022-04-01T00:00:00Z,GSM5663599,Human airway epithelial cells,SRP344018,18 hr
SRR16676472,RNA-Seq,100,3250452500,PRJNA776746,SAMN22818708,1027477185,Human airway epithelial cells,WYSS INSTITUTE,COPD,public,"sra,fastq","ncbi,s3,gs","gs.US,s3.us-east-1,ncbi.public",436083,SRX12877238,control,Illumina NovaSeq 6000,GSM5663598,PAIRED,cDNA,TRANSCRIPTOMIC,Homo sapiens,ILLUMINA,2022-04-01T00:00:00Z,GSM5663598,Human airway epithelial cells,SRP344018,18 hr
SRR16676473,RNA-Seq,100,3306867300,PRJNA776746,SAMN22818709,1032897762,Human airway epithelial cells,WYSS INSTITUTE,NHB,public,"fastq,sra","s3,ncbi,gs","ncbi.public,gs.US,s3.us-east-1",623950,SRX12877237,control,Illumina NovaSeq 6000,GSM5663597,PAIRED,cDNA,TRANSCRIPTOMIC,Homo sapiens,ILLUMINA,2022-04-01T00:00:00Z,GSM5663597,Human airway epithelial cells,SRP344018,18 hr
SRR16676474,RNA-Seq,100,3476948500,PRJNA776746,SAMN22818710,1095353318,Human airway epithelial cells,WYSS INSTITUTE,COPD,public,"sra,fastq","s3,gs,ncbi","gs.US,ncbi.public,s3.us-east-1",436083,SRX12877236,control,Illumina NovaSeq 6000,GSM5663596,PAIRED,cDNA,TRANSCRIPTOMIC,Homo sapiens,ILLUMINA,2022-04-01T00:00:00Z,GSM5663596,Human airway epithelial cells,SRP344018,18 hr
SRR16676476,RNA-Seq,100,7357821400,PRJNA776746,SAMN22818712,2268413817,Human airway epithelial cells,WYSS INSTITUTE,NHB,public,"sra,fastq","ncbi,s3,gs","gs.US,s3.us-east-1,ncbi.public",672447,SRX12877234,control,Illumina NovaSeq 6000,GSM5663594,PAIRED,cDNA,TRANSCRIPTOMIC,Homo sapiens,ILLUMINA,2022-04-01T00:00:00Z,GSM5663594,Human airway epithelial cells,SRP344018,4 hr
SRR16676477,RNA-Seq,100,3829085200,PRJNA776746,SAMN22818713,1210913497,Human airway epithelial cells,WYSS INSTITUTE,COPD,public,"sra,fastq","s3,gs,ncbi","ncbi.public,s3.us-east-1,gs.US",436083,SRX12877233,control,Illumina NovaSeq 6000,GSM5663593,PAIRED,cDNA,TRANSCRIPTOMIC,Homo sapiens,ILLUMINA,2022-04-01T00:00:00Z,GSM5663593,Human airway epithelial cells,SRP344018,18 hr
SRR16676478,RNA-Seq,100,3231201200,PRJNA776746,SAMN22818714,1031049789,Human airway epithelial cells,WYSS INSTITUTE,COPD,public,"fastq,sra","s3,ncbi,gs","ncbi.public,s3.us-east-1,gs.US",436083,SRX12877232,control,Illumina NovaSeq 6000,GSM5663592,PAIRED,cDNA,TRANSCRIPTOMIC,Homo sapiens,ILLUMINA,2022-04-01T00:00:00Z,GSM5663592,Human airway epithelial cells,SRP344018,18 hr
SRR16676479,RNA-Seq,100,6749056400,PRJNA776746,SAMN22818715,2065213898,Human airway epithelial cells,WYSS INSTITUTE,NHB,public,"sra,fastq","s3,gs,ncbi","gs.US,ncbi.public,s3.us-east-1",623950,SRX12877231,influenza A virus,Illumina NovaSeq 6000,GSM5663591,PAIRED,cDNA,TRANSCRIPTOMIC,Homo sapiens,ILLUMINA,2022-04-01T00:00:00Z,GSM5663591,Human airway epithelial cells,SRP344018,4 hr
SRR16676480,RNA-Seq,100,6818900600,PRJNA776746,SAMN22818716,2084485079,Human airway epithelial cells,WYSS INSTITUTE,NHB,public,"sra,fastq","s3,ncbi,gs","s3.us-east-1,ncbi.public,gs.US",623950,SRX12877230,influenza A virus,Illumina NovaSeq 6000,GSM5663590,PAIRED,cDNA,TRANSCRIPTOMIC,Homo sapiens,ILLUMINA,2022-04-01T00:00:00Z,GSM5663590,Human airway epithelial cells,SRP344018,4 hr
SRR16676481,RNA-Seq,100,2820182500,PRJNA776746,SAMN22818717,914337005,Human airway epithelial cells,WYSS INSTITUTE,COPD,public,"fastq,sra","gs,ncbi,s3","s3.us-east-1,ncbi.public,gs.US",436083,SRX12877229,influenza A virus,Illumina NovaSeq 6000,GSM5663589,PAIRED,cDNA,TRANSCRIPTOMIC,Homo sapiens,ILLUMINA,2022-04-01T00:00:00Z,GSM5663589,Human airway epithelial cells,SRP344018,4 hr
SRR16676484,RNA-Seq,100,6140710800,PRJNA776746,SAMN22818720,1897905315,Human airway epithelial cells,WYSS INSTITUTE,NHB,public,"sra,fastq","gs,s3,ncbi","s3.us-east-1,gs.US,ncbi.public",623950,SRX12877226,influenza A virus,Illumina NovaSeq 6000,GSM5663586,PAIRED,cDNA,TRANSCRIPTOMIC,Homo sapiens,ILLUMINA,2022-04-01T00:00:00Z,GSM5663586,Human airway epithelial cells,SRP344018,4 hr
SRR16676485,RNA-Seq,100,4862693600,PRJNA776746,SAMN22818721,1531176979,Human airway epithelial cells,WYSS INSTITUTE,COPD,public,"sra,fastq","gs,s3,ncbi","s3.us-east-1,gs.US,ncbi.public",436083,SRX12877225,influenza A virus,Illumina NovaSeq 6000,GSM5663585,PAIRED,cDNA,TRANSCRIPTOMIC,Homo sapiens,ILLUMINA,2022-04-01T00:00:00Z,GSM5663585,Human airway epithelial cells,SRP344018,4 hr
SRR16676486,RNA-Seq,100,5854398500,PRJNA776746,SAMN22818722,1830234671,Human airway epithelial cells,WYSS INSTITUTE,COPD,public,"fastq,sra","s3,ncbi,gs","s3.us-east-1,ncbi.public,gs.US",436083,SRX12877224,influenza A virus,Illumina NovaSeq 6000,GSM5663584,PAIRED,cDNA,TRANSCRIPTOMIC,Homo sapiens,ILLUMINA,2022-04-01T00:00:00Z,GSM5663584,Human airway epithelial cells,SRP344018,4 hr
SRR16676487,RNA-Seq,100,6170587300,PRJNA776746,SAMN22818723,1897286675,Human airway epithelial cells,WYSS INSTITUTE,NHB,public,"fastq,sra","s3,ncbi,gs","ncbi.public,gs.US,s3.us-east-1",623950,SRX12877223,control,Illumina NovaSeq 6000,GSM5663583,PAIRED,cDNA,TRANSCRIPTOMIC,Homo sapiens,ILLUMINA,2022-04-01T00:00:00Z,GSM5663583,Human airway epithelial cells,SRP344018,4 hr
SRR16676488,RNA-Seq,100,5317385000,PRJNA776746,SAMN22818724,1692374342,Human airway epithelial cells,WYSS INSTITUTE,COPD,public,"fastq,sra","ncbi,s3,gs","gs.US,s3.us-east-1,ncbi.public",436083,SRX12877222,control,Illumina NovaSeq 6000,GSM5663582,PAIRED,cDNA,TRANSCRIPTOMIC,Homo sapiens,ILLUMINA,2022-04-01T00:00:00Z,GSM5663582,Human airway epithelial cells,SRP344018,4 hr
SRR16676490,RNA-Seq,100,2151721900,PRJNA776746,SAMN22818726,666572301,Human airway epithelial cells,WYSS INSTITUTE,NHB,public,"sra,fastq","s3,gs,ncbi","s3.us-east-1,ncbi.public,gs.US",623950,SRX12877220,control,Illumina NovaSeq 6000,GSM5663580,PAIRED,cDNA,TRANSCRIPTOMIC,Homo sapiens,ILLUMINA,2022-04-01T00:00:00Z,GSM5663580,Human airway epithelial cells,SRP344018,4 hr
SRR16676491,RNA-Seq,100,6844249800,PRJNA776746,SAMN22818727,2143794008,Human airway epithelial cells,WYSS INSTITUTE,COPD,public,"sra,fastq","ncbi,gs,s3","ncbi.public,s3.us-east-1,gs.US",436083,SRX12877219,control,Illumina NovaSeq 6000,GSM5663579,PAIRED,cDNA,TRANSCRIPTOMIC,Homo sapiens,ILLUMINA,2022-04-01T00:00:00Z,GSM5663579,Human airway epithelial cells,SRP344018,4 hr
SRR16676492,RNA-Seq,100,6823310600,PRJNA776746,SAMN22818728,2085475314,Human airway epithelial cells,WYSS INSTITUTE,NHB,public,"sra,fastq","ncbi,s3,gs","ncbi.public,s3.us-east-1,gs.US",623950,SRX12877218,control,Illumina NovaSeq 6000,GSM5663578,PAIRED,cDNA,TRANSCRIPTOMIC,Homo sapiens,ILLUMINA,2022-04-01T00:00:00Z,GSM5663578,Human airway epithelial cells,SRP344018,4 hr
SRR16676493,RNA-Seq,100,2431674900,PRJNA776746,SAMN22818729,786736343,Human airway epithelial cells,WYSS INSTITUTE,COPD,public,"fastq,sra","ncbi,gs,s3","gs.US,s3.us-east-1,ncbi.public",436083,SRX12877217,control,Illumina NovaSeq 6000,GSM5663577,PAIRED,cDNA,TRANSCRIPTOMIC,Homo sapiens,ILLUMINA,2022-04-01T00:00:00Z,GSM5663577,Human airway epithelial cells,SRP344018,4 hr
SRR16676495,RNA-Seq,100,3484211100,PRJNA776746,SAMN22818731,1084896728,Human airway epithelial cells,WYSS INSTITUTE,NHB,public,"fastq,sra","ncbi,s3,gs","s3.us-east-1,gs.US,ncbi.public",626776,SRX12877215,influenza A virus,Illumina NovaSeq 6000,GSM5663575,PAIRED,cDNA,TRANSCRIPTOMIC,Homo sapiens,ILLUMINA,2022-04-01T00:00:00Z,GSM5663575,Human airway epithelial cells,SRP344018,18 hr
SRR16676497,RNA-Seq,100,4523625800,PRJNA776746,SAMN22818733,1447709421,Human airway epithelial cells,WYSS INSTITUTE,COPD,public,"fastq,sra","ncbi,gs,s3","gs.US,ncbi.public,s3.us-east-1",440551,SRX12877213,influenza A virus,Illumina NovaSeq 6000,GSM5663573,PAIRED,cDNA,TRANSCRIPTOMIC,Homo sapiens,ILLUMINA,2022-04-01T00:00:00Z,GSM5663573,Human airway epithelial cells,SRP344018,18 hr
SRR16676498,RNA-Seq,100,5998339900,PRJNA776746,SAMN22818734,1858022723,Human airway epithelial cells,WYSS INSTITUTE,NHB,public,"sra,fastq","gs,ncbi,s3","ncbi.public,s3.us-east-1,gs.US",626776,SRX12877212,influenza A virus,Illumina NovaSeq 6000,GSM5663572,PAIRED,cDNA,TRANSCRIPTOMIC,Homo sapiens,ILLUMINA,2022-04-01T00:00:00Z,GSM5663572,Human airway epithelial cells,SRP344018,18 hr
SRR16676500,RNA-Seq,100,8679721400,PRJNA776746,SAMN22818736,2713630200,Human airway epithelial cells,WYSS INSTITUTE,COPD,public,"sra,fastq","gs,s3,ncbi","ncbi.public,gs.US,s3.us-east-1",440551,SRX12877210,influenza A virus,Illumina NovaSeq 6000,GSM5663570,PAIRED,cDNA,TRANSCRIPTOMIC,Homo sapiens,ILLUMINA,2022-04-01T00:00:00Z,GSM5663570,Human airway epithelial cells,SRP344018,18 hr
SRR16676501,RNA-Seq,100,10030993200,PRJNA776746,SAMN22818737,3160331041,Human airway epithelial cells,WYSS INSTITUTE,COPD,public,"sra,fastq","gs,s3,ncbi","ncbi.public,s3.us-east-1,gs.US",440551,SRX12877209,influenza A virus,Illumina NovaSeq 6000,GSM5663569,PAIRED,cDNA,TRANSCRIPTOMIC,Homo sapiens,ILLUMINA,2022-04-01T00:00:00Z,GSM5663569,Human airway epithelial cells,SRP344018,18 hr
SRR16676502,RNA-Seq,100,7838974300,PRJNA776746,SAMN22818738,2471534604,Human airway epithelial cells,WYSS INSTITUTE,NHB,public,"fastq,sra","ncbi,s3,gs","ncbi.public,gs.US,s3.us-east-1",626776,SRX12877208,poly_ic,Illumina NovaSeq 6000,GSM5663568,PAIRED,cDNA,TRANSCRIPTOMIC,Homo sapiens,ILLUMINA,2022-04-01T00:00:00Z,GSM5663568,Human airway epithelial cells,SRP344018,18 hr
SRR16676503,RNA-Seq,100,4386864200,PRJNA776746,SAMN22818739,1374554334,Human airway epithelial cells,WYSS INSTITUTE,NHB,public,"sra,fastq","ncbi,gs,s3","gs.US,ncbi.public,s3.us-east-1",626776,SRX12877207,poly_ic,Illumina NovaSeq 6000,GSM5663567,PAIRED,cDNA,TRANSCRIPTOMIC,Homo sapiens,ILLUMINA,2022-04-01T00:00:00Z,GSM5663567,Human airway epithelial cells,SRP344018,18 hr
SRR16676504,RNA-Seq,100,4944541900,PRJNA776746,SAMN22818740,1563052583,Human airway epithelial cells,WYSS INSTITUTE,COPD,public,"sra,fastq","gs,ncbi,s3","s3.us-east-1,ncbi.public,gs.US",440551,SRX12877206,poly_ic,Illumina NovaSeq 6000,GSM5663566,PAIRED,cDNA,TRANSCRIPTOMIC,Homo sapiens,ILLUMINA,2022-04-01T00:00:00Z,GSM5663566,Human airway epithelial cells,SRP344018,18 hr
SRR16676506,RNA-Seq,100,6486147400,PRJNA776746,SAMN22818742,2056643834,Human airway epithelial cells,WYSS INSTITUTE,COPD,public,"sra,fastq","s3,gs,ncbi","gs.US,ncbi.public,s3.us-east-1",440551,SRX12877204,poly_ic,Illumina NovaSeq 6000,GSM5663564,PAIRED,cDNA,TRANSCRIPTOMIC,Homo sapiens,ILLUMINA,2022-04-01T00:00:00Z,GSM5663564,Human airway epithelial cells,SRP344018,18 hr
SRR16676507,RNA-Seq,100,4412339600,PRJNA776746,SAMN22818743,1406587723,Human airway epithelial cells,WYSS INSTITUTE,COPD,public,"sra,fastq","s3,gs,ncbi","ncbi.public,gs.US,s3.us-east-1",440551,SRX12877203,poly_ic,Illumina NovaSeq 6000,GSM5663563,PAIRED,cDNA,TRANSCRIPTOMIC,Homo sapiens,ILLUMINA,2022-04-01T00:00:00Z,GSM5663563,Human airway epithelial cells,SRP344018,18 hr
SRR16676509,RNA-Seq,100,2965093200,PRJNA776746,SAMN22818745,928435178,Human airway epithelial cells,WYSS INSTITUTE,NHB,public,"sra,fastq","s3,gs,ncbi","s3.us-east-1,gs.US,ncbi.public",626776,SRX12877201,control,Illumina NovaSeq 6000,GSM5663561,PAIRED,cDNA,TRANSCRIPTOMIC,Homo sapiens,ILLUMINA,2022-04-01T00:00:00Z,GSM5663561,Human airway epithelial cells,SRP344018,18 hr
SRR16676510,RNA-Seq,100,5315259700,PRJNA776746,SAMN22818746,1724893594,Human airway epithelial cells,WYSS INSTITUTE,COPD,public,"sra,fastq","ncbi,gs,s3","gs.US,s3.us-east-1,ncbi.public",440551,SRX12877200,poly_ic,Illumina NovaSeq 6000,GSM5663560,PAIRED,cDNA,TRANSCRIPTOMIC,Homo sapiens,ILLUMINA,2022-04-01T00:00:00Z,GSM5663560,Human airway epithelial cells,SRP344018,18 hr
SRR16676511,RNA-Seq,100,6855978900,PRJNA776746,SAMN22818747,2156497613,Human airway epithelial cells,WYSS INSTITUTE,COPD,public,"sra,fastq","gs,s3,ncbi","s3.us-east-1,gs.US,ncbi.public",440551,SRX12877199,control,Illumina NovaSeq 6000,GSM5663559,PAIRED,cDNA,TRANSCRIPTOMIC,Homo sapiens,ILLUMINA,2022-04-01T00:00:00Z,GSM5663559,Human airway epithelial cells,SRP344018,18 hr
SRR16676512,RNA-Seq,100,3716221200,PRJNA776746,SAMN22818748,1166019915,Human airway epithelial cells,WYSS INSTITUTE,NHB,public,"sra,fastq","ncbi,s3,gs","gs.US,ncbi.public,s3.us-east-1",626776,SRX12877198,control,Illumina NovaSeq 6000,GSM5663558,PAIRED,cDNA,TRANSCRIPTOMIC,Homo sapiens,ILLUMINA,2022-04-01T00:00:00Z,GSM5663558,Human airway epithelial cells,SRP344018,18 hr
SRR16676513,RNA-Seq,100,6201293400,PRJNA776746,SAMN22818749,1952519555,Human airway epithelial cells,WYSS INSTITUTE,COPD,public,"sra,fastq","s3,gs,ncbi","s3.us-east-1,gs.US,ncbi.public",440551,SRX12877197,control,Illumina NovaSeq 6000,GSM5663557,PAIRED,cDNA,TRANSCRIPTOMIC,Homo sapiens,ILLUMINA,2022-04-01T00:00:00Z,GSM5663557,Human airway epithelial cells,SRP344018,18 hr
SRR16676518,RNA-Seq,100,2681030800,PRJNA776746,SAMN22818754,831964221,Human airway epithelial cells,WYSS INSTITUTE,NHB,public,"sra,fastq","gs,s3,ncbi","gs.US,ncbi.public,s3.us-east-1",672447,SRX12877192,control,Illumina NovaSeq 6000,GSM5663552,PAIRED,cDNA,TRANSCRIPTOMIC,Homo sapiens,ILLUMINA,2022-04-01T00:00:00Z,GSM5663552,Human airway epithelial cells,SRP344018,4 hr
SRR16676520,RNA-Seq,100,3517619300,PRJNA776746,SAMN22818756,1097070711,Human airway epithelial cells,WYSS INSTITUTE,NHB,public,"sra,fastq","s3,gs,ncbi","s3.us-east-1,gs.US,ncbi.public",626776,SRX12877190,influenza A virus,Illumina NovaSeq 6000,GSM5663550,PAIRED,cDNA,TRANSCRIPTOMIC,Homo sapiens,ILLUMINA,2022-04-01T00:00:00Z,GSM5663550,Human airway epithelial cells,SRP344018,4 hr
SRR16676521,RNA-Seq,100,6141211100,PRJNA776746,SAMN22818757,1939511384,Human airway epithelial cells,WYSS INSTITUTE,COPD,public,"fastq,sra","gs,ncbi,s3","gs.US,s3.us-east-1,ncbi.public",440551,SRX12877189,influenza A virus,Illumina NovaSeq 6000,GSM5663549,PAIRED,cDNA,TRANSCRIPTOMIC,Homo sapiens,ILLUMINA,2022-04-01T00:00:00Z,GSM5663549,Human airway epithelial cells,SRP344018,4 hr
SRR16676522,RNA-Seq,100,5304334900,PRJNA776746,SAMN22818758,1645478764,Human airway epithelial cells,WYSS INSTITUTE,NHB,public,"fastq,sra","s3,gs,ncbi","gs.US,s3.us-east-1,ncbi.public",626776,SRX12877188,influenza A virus,Illumina NovaSeq 6000,GSM5663548,PAIRED,cDNA,TRANSCRIPTOMIC,Homo sapiens,ILLUMINA,2022-04-01T00:00:00Z,GSM5663548,Human airway epithelial cells,SRP344018,4 hr
SRR16676523,RNA-Seq,100,3926768700,PRJNA776746,SAMN22818759,1214687594,Human airway epithelial cells,WYSS INSTITUTE,NHB,public,"fastq,sra","s3,gs,ncbi","s3.us-east-1,ncbi.public,gs.US",626776,SRX12877187,influenza A virus,Illumina NovaSeq 6000,GSM5663547,PAIRED,cDNA,TRANSCRIPTOMIC,Homo sapiens,ILLUMINA,2022-04-01T00:00:00Z,GSM5663547,Human airway epithelial cells,SRP344018,4 hr
SRR16676524,RNA-Seq,100,6346224100,PRJNA776746,SAMN22818760,1994886772,Human airway epithelial cells,WYSS INSTITUTE,COPD,public,"sra,fastq","ncbi,s3,gs","ncbi.public,s3.us-east-1,gs.US",440551,SRX12877186,influenza A virus,Illumina NovaSeq 6000,GSM5663546,PAIRED,cDNA,TRANSCRIPTOMIC,Homo sapiens,ILLUMINA,2022-04-01T00:00:00Z,GSM5663546,Human airway epithelial cells,SRP344018,4 hr
SRR16676525,RNA-Seq,100,3886756400,PRJNA776746,SAMN22818761,1224786058,Human airway epithelial cells,WYSS INSTITUTE,COPD,public,"sra,fastq","s3,gs,ncbi","ncbi.public,s3.us-east-1,gs.US",440551,SRX12877185,influenza A virus,Illumina NovaSeq 6000,GSM5663545,PAIRED,cDNA,TRANSCRIPTOMIC,Homo sapiens,ILLUMINA,2022-04-01T00:00:00Z,GSM5663545,Human airway epithelial cells,SRP344018,4 hr
SRR16676526,RNA-Seq,100,4271938700,PRJNA776746,SAMN22818762,1336261915,Human airway epithelial cells,WYSS INSTITUTE,NHB,public,"fastq,sra","s3,ncbi,gs","gs.US,s3.us-east-1,ncbi.public",626776,SRX12877184,influenza A virus,Illumina NovaSeq 6000,GSM5663544,PAIRED,cDNA,TRANSCRIPTOMIC,Homo sapiens,ILLUMINA,2022-04-01T00:00:00Z,GSM5663544,Human airway epithelial cells,SRP344018,4 hr
SRR16676527,RNA-Seq,100,7140371800,PRJNA776746,SAMN22818763,2277739631,Human airway epithelial cells,WYSS INSTITUTE,COPD,public,"fastq,sra","gs,ncbi,s3","gs.US,ncbi.public,s3.us-east-1",440551,SRX12877183,control,Illumina NovaSeq 6000,GSM5663543,PAIRED,cDNA,TRANSCRIPTOMIC,Homo sapiens,ILLUMINA,2022-04-01T00:00:00Z,GSM5663543,Human airway epithelial cells,SRP344018,4 hr
SRR16676528,RNA-Seq,100,3427084000,PRJNA776746,SAMN22818764,1068221012,Human airway epithelial cells,WYSS INSTITUTE,NHB,public,"fastq,sra","gs,s3,ncbi","s3.us-east-1,ncbi.public,gs.US",626776,SRX12877182,control,Illumina NovaSeq 6000,GSM5663542,PAIRED,cDNA,TRANSCRIPTOMIC,Homo sapiens,ILLUMINA,2022-04-01T00:00:00Z,GSM5663542,Human airway epithelial cells,SRP344018,4 hr
SRR16676529,RNA-Seq,100,1847285600,PRJNA776746,SAMN22818765,577430661,Human airway epithelial cells,WYSS INSTITUTE,NHB,public,"fastq,sra","s3,gs,ncbi","ncbi.public,gs.US,s3.us-east-1",626776,SRX12877181,control,Illumina NovaSeq 6000,GSM5663541,PAIRED,cDNA,TRANSCRIPTOMIC,Homo sapiens,ILLUMINA,2022-04-01T00:00:00Z,GSM5663541,Human airway epithelial cells,SRP344018,4 hr
SRR16676530,RNA-Seq,100,8252164400,PRJNA776746,SAMN22818766,2611508740,Human airway epithelial cells,WYSS INSTITUTE,COPD,public,"sra,fastq","ncbi,gs,s3","s3.us-east-1,gs.US,ncbi.public",440551,SRX12877180,control,Illumina NovaSeq 6000,GSM5663540,PAIRED,cDNA,TRANSCRIPTOMIC,Homo sapiens,ILLUMINA,2022-04-01T00:00:00Z,GSM5663540,Human airway epithelial cells,SRP344018,4 hr
SRR16676531,RNA-Seq,100,3782134600,PRJNA776746,SAMN22818767,1191980009,Human airway epithelial cells,WYSS INSTITUTE,NHB,public,"sra,fastq","s3,ncbi,gs","gs.US,s3.us-east-1,ncbi.public",626776,SRX12877179,control,Illumina NovaSeq 6000,GSM5663539,PAIRED,cDNA,TRANSCRIPTOMIC,Homo sapiens,ILLUMINA,2022-04-01T00:00:00Z,GSM5663539,Human airway epithelial cells,SRP344018,4 hr
SRR16676532,RNA-Seq,100,9491061700,PRJNA776746,SAMN22818768,3009200092,Human airway epithelial cells,WYSS INSTITUTE,COPD,public,"fastq,sra","s3,gs,ncbi","s3.us-east-1,gs.US,ncbi.public",440551,SRX12877178,control,Illumina NovaSeq 6000,GSM5663538,PAIRED,cDNA,TRANSCRIPTOMIC,Homo sapiens,ILLUMINA,2022-04-01T00:00:00Z,GSM5663538,Human airway epithelial cells,SRP344018,4 hr
SRR16676533,RNA-Seq,100,5392572900,PRJNA776746,SAMN22818769,1727281122,Human airway epithelial cells,WYSS INSTITUTE,COPD,public,"fastq,sra","ncbi,s3,gs","s3.us-east-1,ncbi.public,gs.US",440551,SRX12877177,control,Illumina NovaSeq 6000,GSM5663537,PAIRED,cDNA,TRANSCRIPTOMIC,Homo sapiens,ILLUMINA,2022-04-01T00:00:00Z,GSM5663537,Human airway epithelial cells,SRP344018,4 hr
SRR16676534,RNA-Seq,100,4217490700,PRJNA776746,SAMN22818770,1324647285,Human airway epithelial cells,WYSS INSTITUTE,NHB,public,"fastq,sra","s3,gs,ncbi","ncbi.public,s3.us-east-1,gs.US",626776,SRX12877176,control,Illumina NovaSeq 6000,GSM5663536,PAIRED,cDNA,TRANSCRIPTOMIC,Homo sapiens,ILLUMINA,2022-04-01T00:00:00Z,GSM5663536,Human airway epithelial cells,SRP344018,4 hr
SRR16676535,RNA-Seq,100,5240361300,PRJNA776746,SAMN22818771,1613595938,Human airway epithelial cells,WYSS INSTITUTE,NHB,public,"fastq,sra","gs,ncbi,s3","gs.US,ncbi.public,s3.us-east-1",655308,SRX12877175,influenza A virus,Illumina NovaSeq 6000,GSM5663535,PAIRED,cDNA,TRANSCRIPTOMIC,Homo sapiens,ILLUMINA,2022-04-01T00:00:00Z,GSM5663535,Human airway epithelial cells,SRP344018,18 hr
SRR16676536,RNA-Seq,100,6736942900,PRJNA776746,SAMN22818772,2105518527,Human airway epithelial cells,WYSS INSTITUTE,COPD,public,"fastq,sra","ncbi,s3,gs","s3.us-east-1,ncbi.public,gs.US",343179,SRX12877174,influenza A virus,Illumina NovaSeq 6000,GSM5663534,PAIRED,cDNA,TRANSCRIPTOMIC,Homo sapiens,ILLUMINA,2022-04-01T00:00:00Z,GSM5663534,Human airway epithelial cells,SRP344018,18 hr
SRR16676537,RNA-Seq,100,2615259500,PRJNA776746,SAMN22818773,827408751,Human airway epithelial cells,WYSS INSTITUTE,NHB,public,"sra,fastq","gs,ncbi,s3","s3.us-east-1,gs.US,ncbi.public",655308,SRX12877173,influenza A virus,Illumina NovaSeq 6000,GSM5663533,PAIRED,cDNA,TRANSCRIPTOMIC,Homo sapiens,ILLUMINA,2022-04-01T00:00:00Z,GSM5663533,Human airway epithelial cells,SRP344018,18 hr
SRR16676538,RNA-Seq,100,6636329000,PRJNA776746,SAMN22818774,2106416399,Human airway epithelial cells,WYSS INSTITUTE,COPD,public,"sra,fastq","gs,ncbi,s3","s3.us-east-1,ncbi.public,gs.US",343179,SRX12877172,influenza A virus,Illumina NovaSeq 6000,GSM5663532,PAIRED,cDNA,TRANSCRIPTOMIC,Homo sapiens,ILLUMINA,2022-04-01T00:00:00Z,GSM5663532,Human airway epithelial cells,SRP344018,18 hr
SRR16676539,RNA-Seq,100,8033379500,PRJNA776746,SAMN22818775,2453171632,Human airway epithelial cells,WYSS INSTITUTE,NHB,public,"sra,fastq","s3,ncbi,gs","s3.us-east-1,gs.US,ncbi.public",655308,SRX12877171,influenza A virus,Illumina NovaSeq 6000,GSM5663531,PAIRED,cDNA,TRANSCRIPTOMIC,Homo sapiens,ILLUMINA,2022-04-01T00:00:00Z,GSM5663531,Human airway epithelial cells,SRP344018,18 hr
SRR16676540,RNA-Seq,100,4870375700,PRJNA776746,SAMN22818776,1544459611,Human airway epithelial cells,WYSS INSTITUTE,COPD,public,"fastq,sra","gs,ncbi,s3","gs.US,ncbi.public,s3.us-east-1",343179,SRX12877170,influenza A virus,Illumina NovaSeq 6000,GSM5663530,PAIRED,cDNA,TRANSCRIPTOMIC,Homo sapiens,ILLUMINA,2022-04-01T00:00:00Z,GSM5663530,Human airway epithelial cells,SRP344018,18 hr
SRR16676541,RNA-Seq,100,4463016500,PRJNA776746,SAMN22818777,1364596621,Human airway epithelial cells,WYSS INSTITUTE,NHB,public,"fastq,sra","s3,gs,ncbi","s3.us-east-1,gs.US,ncbi.public",655308,SRX12877169,influenza A virus,Illumina NovaSeq 6000,GSM5663529,PAIRED,cDNA,TRANSCRIPTOMIC,Homo sapiens,ILLUMINA,2022-04-01T00:00:00Z,GSM5663529,Human airway epithelial cells,SRP344018,18 hr
SRR16676542,RNA-Seq,100,4718276400,PRJNA776746,SAMN22818778,1492009788,Human airway epithelial cells,WYSS INSTITUTE,COPD,public,"sra,fastq","gs,s3,ncbi","ncbi.public,gs.US,s3.us-east-1",343179,SRX12877168,influenza A virus,Illumina NovaSeq 6000,GSM5663528,PAIRED,cDNA,TRANSCRIPTOMIC,Homo sapiens,ILLUMINA,2022-04-01T00:00:00Z,GSM5663528,Human airway epithelial cells,SRP344018,18 hr
SRR16676543,RNA-Seq,100,3787477300,PRJNA776746,SAMN22818779,1170099668,Human airway epithelial cells,WYSS INSTITUTE,NHB,public,"fastq,sra","s3,ncbi,gs","gs.US,ncbi.public,s3.us-east-1",655308,SRX12877167,poly_ic,Illumina NovaSeq 6000,GSM5663527,PAIRED,cDNA,TRANSCRIPTOMIC,Homo sapiens,ILLUMINA,2022-04-01T00:00:00Z,GSM5663527,Human airway epithelial cells,SRP344018,18 hr
SRR16676544,RNA-Seq,100,4977381200,PRJNA776746,SAMN22818780,1588101510,Human airway epithelial cells,WYSS INSTITUTE,COPD,public,"fastq,sra","gs,s3,ncbi","ncbi.public,gs.US,s3.us-east-1",343179,SRX12877166,poly_ic,Illumina NovaSeq 6000,GSM5663526,PAIRED,cDNA,TRANSCRIPTOMIC,Homo sapiens,ILLUMINA,2022-04-01T00:00:00Z,GSM5663526,Human airway epithelial cells,SRP344018,18 hr
SRR16676545,RNA-Seq,100,5392048700,PRJNA776746,SAMN22818781,1649259456,Human airway epithelial cells,WYSS INSTITUTE,NHB,public,"sra,fastq","s3,gs,ncbi","s3.us-east-1,ncbi.public,gs.US",655308,SRX12877165,poly_ic,Illumina NovaSeq 6000,GSM5663525,PAIRED,cDNA,TRANSCRIPTOMIC,Homo sapiens,ILLUMINA,2022-04-01T00:00:00Z,GSM5663525,Human airway epithelial cells,SRP344018,18 hr
SRR16676546,RNA-Seq,100,5453267500,PRJNA776746,SAMN22818782,1741541712,Human airway epithelial cells,WYSS INSTITUTE,COPD,public,"fastq,sra","s3,gs,ncbi","s3.us-east-1,ncbi.public,gs.US",343179,SRX12877164,poly_ic,Illumina NovaSeq 6000,GSM5663524,PAIRED,cDNA,TRANSCRIPTOMIC,Homo sapiens,ILLUMINA,2022-04-01T00:00:00Z,GSM5663524,Human airway epithelial cells,SRP344018,18 hr
SRR16676547,RNA-Seq,100,6345820700,PRJNA776746,SAMN22818783,1927215149,Human airway epithelial cells,WYSS INSTITUTE,NHB,public,"fastq,sra","ncbi,gs,s3","ncbi.public,s3.us-east-1,gs.US",655308,SRX12877163,poly_ic,Illumina NovaSeq 6000,GSM5663523,PAIRED,cDNA,TRANSCRIPTOMIC,Homo sapiens,ILLUMINA,2022-04-01T00:00:00Z,GSM5663523,Human airway epithelial cells,SRP344018,18 hr
SRR16676548,RNA-Seq,100,5468664400,PRJNA776746,SAMN22818784,1760751973,Human airway epithelial cells,WYSS INSTITUTE,COPD,public,"fastq,sra","gs,s3,ncbi","ncbi.public,gs.US,s3.us-east-1",343179,SRX12877162,poly_ic,Illumina NovaSeq 6000,GSM5663522,PAIRED,cDNA,TRANSCRIPTOMIC,Homo sapiens,ILLUMINA,2022-04-01T00:00:00Z,GSM5663522,Human airway epithelial cells,SRP344018,18 hr
SRR16676549,RNA-Seq,100,5764863600,PRJNA776746,SAMN22818785,1764826864,Human airway epithelial cells,WYSS INSTITUTE,NHB,public,"sra,fastq","ncbi,s3,gs","ncbi.public,s3.us-east-1,gs.US",655308,SRX12877161,poly_ic,Illumina NovaSeq 6000,GSM5663521,PAIRED,cDNA,TRANSCRIPTOMIC,Homo sapiens,ILLUMINA,2022-04-01T00:00:00Z,GSM5663521,Human airway epithelial cells,SRP344018,18 hr
SRR16676550,RNA-Seq,100,3021081300,PRJNA776746,SAMN22818786,962060112,Human airway epithelial cells,WYSS INSTITUTE,COPD,public,"fastq,sra","gs,ncbi,s3","ncbi.public,s3.us-east-1,gs.US",343179,SRX12877160,poly_ic,Illumina NovaSeq 6000,GSM5663520,PAIRED,cDNA,TRANSCRIPTOMIC,Homo sapiens,ILLUMINA,2022-04-01T00:00:00Z,GSM5663520,Human airway epithelial cells,SRP344018,18 hr
SRR16676551,RNA-Seq,100,6627765400,PRJNA776746,SAMN22818787,2041247703,Human airway epithelial cells,WYSS INSTITUTE,NHB,public,"sra,fastq","s3,ncbi,gs","gs.US,s3.us-east-1,ncbi.public",655308,SRX12877159,control,Illumina NovaSeq 6000,GSM5663519,PAIRED,cDNA,TRANSCRIPTOMIC,Homo sapiens,ILLUMINA,2022-04-01T00:00:00Z,GSM5663519,Human airway epithelial cells,SRP344018,18 hr
SRR16676552,RNA-Seq,100,4862916600,PRJNA776746,SAMN22818788,1588117410,Human airway epithelial cells,WYSS INSTITUTE,COPD,public,"sra,fastq","ncbi,gs,s3","gs.US,s3.us-east-1,ncbi.public",343179,SRX12877158,control,Illumina NovaSeq 6000,GSM5663518,PAIRED,cDNA,TRANSCRIPTOMIC,Homo sapiens,ILLUMINA,2022-04-01T00:00:00Z,GSM5663518,Human airway epithelial cells,SRP344018,18 hr
SRR16676553,RNA-Seq,100,5541033600,PRJNA776746,SAMN22818789,1727168180,Human airway epithelial cells,WYSS INSTITUTE,NHB,public,"fastq,sra","ncbi,s3,gs","ncbi.public,gs.US,s3.us-east-1",655308,SRX12877157,control,Illumina NovaSeq 6000,GSM5663517,PAIRED,cDNA,TRANSCRIPTOMIC,Homo sapiens,ILLUMINA,2022-04-01T00:00:00Z,GSM5663517,Human airway epithelial cells,SRP344018,18 hr
SRR16676554,RNA-Seq,100,4652225700,PRJNA776746,SAMN22818790,1480265813,Human airway epithelial cells,WYSS INSTITUTE,COPD,public,"fastq,sra","gs,s3,ncbi","ncbi.public,gs.US,s3.us-east-1",343179,SRX12877156,control,Illumina NovaSeq 6000,GSM5663516,PAIRED,cDNA,TRANSCRIPTOMIC,Homo sapiens,ILLUMINA,2022-04-01T00:00:00Z,GSM5663516,Human airway epithelial cells,SRP344018,18 hr
SRR16676555,RNA-Seq,100,7274923400,PRJNA776746,SAMN22818791,2283796237,Human airway epithelial cells,WYSS INSTITUTE,COPD,public,"sra,fastq","gs,s3,ncbi","ncbi.public,gs.US,s3.us-east-1",343179,SRX12877155,control,Illumina NovaSeq 6000,GSM5663515,PAIRED,cDNA,TRANSCRIPTOMIC,Homo sapiens,ILLUMINA,2022-04-01T00:00:00Z,GSM5663515,Human airway epithelial cells,SRP344018,18 hr
SRR16676556,RNA-Seq,100,5001228600,PRJNA776746,SAMN22818792,1534326863,Human airway epithelial cells,WYSS INSTITUTE,NHB,public,"fastq,sra","s3,gs,ncbi","gs.US,ncbi.public,s3.us-east-1",655308,SRX12877154,control,Illumina NovaSeq 6000,GSM5663514,PAIRED,cDNA,TRANSCRIPTOMIC,Homo sapiens,ILLUMINA,2022-04-01T00:00:00Z,GSM5663514,Human airway epithelial cells,SRP344018,18 hr
SRR16676557,RNA-Seq,100,3585648900,PRJNA776746,SAMN22818793,1093491636,Human airway epithelial cells,WYSS INSTITUTE,NHB,public,"sra,fastq","gs,s3,ncbi","gs.US,s3.us-east-1,ncbi.public",655308,SRX12877153,control,Illumina NovaSeq 6000,GSM5663513,PAIRED,cDNA,TRANSCRIPTOMIC,Homo sapiens,ILLUMINA,2022-04-01T00:00:00Z,GSM5663513,Human airway epithelial cells,SRP344018,18 hr
SRR16676559,RNA-Seq,100,4482589000,PRJNA776746,SAMN22818795,1364057930,Human airway epithelial cells,WYSS INSTITUTE,NHB,public,"fastq,sra","ncbi,s3,gs","s3.us-east-1,ncbi.public,gs.US",672447,SRX12877151,control,Illumina NovaSeq 6000,GSM5663511,PAIRED,cDNA,TRANSCRIPTOMIC,Homo sapiens,ILLUMINA,2022-04-01T00:00:00Z,GSM5663511,Human airway epithelial cells,SRP344018,4 hr
SRR16676560,RNA-Seq,100,6227370000,PRJNA776746,SAMN22818796,1947579266,Human airway epithelial cells,WYSS INSTITUTE,COPD,public,"fastq,sra","ncbi,gs,s3","ncbi.public,gs.US,s3.us-east-1",343179,SRX12877150,influenza A virus,Illumina NovaSeq 6000,GSM5663510,PAIRED,cDNA,TRANSCRIPTOMIC,Homo sapiens,ILLUMINA,2022-04-01T00:00:00Z,GSM5663510,Human airway epithelial cells,SRP344018,4 hr
SRR16676561,RNA-Seq,100,5973262800,PRJNA776746,SAMN22818797,1890159283,Human airway epithelial cells,WYSS INSTITUTE,COPD,public,"fastq,sra","gs,s3,ncbi","s3.us-east-1,gs.US,ncbi.public",343179,SRX12877149,influenza A virus,Illumina NovaSeq 6000,GSM5663509,PAIRED,cDNA,TRANSCRIPTOMIC,Homo sapiens,ILLUMINA,2022-04-01T00:00:00Z,GSM5663509,Human airway epithelial cells,SRP344018,4 hr
SRR16676563,RNA-Seq,100,4993887700,PRJNA776746,SAMN22818799,1572239498,Human airway epithelial cells,WYSS INSTITUTE,NHB,public,"sra,fastq","ncbi,gs,s3","gs.US,ncbi.public,s3.us-east-1",655308,SRX12877147,influenza A virus,Illumina NovaSeq 6000,GSM5663507,PAIRED,cDNA,TRANSCRIPTOMIC,Homo sapiens,ILLUMINA,2022-04-01T00:00:00Z,GSM5663507,Human airway epithelial cells,SRP344018,4 hr
SRR16676564,RNA-Seq,100,6368044300,PRJNA776746,SAMN22818848,2003460980,Human airway epithelial cells,WYSS INSTITUTE,COPD,public,"fastq,sra","ncbi,gs,s3","s3.us-east-1,ncbi.public,gs.US",43905,SRX12877146,control,Illumina NovaSeq 6000,GSM5663458,PAIRED,cDNA,TRANSCRIPTOMIC,Homo sapiens,ILLUMINA,2022-04-01T00:00:00Z,GSM5663458,Human airway epithelial cells,SRP344018,4 hr
SRR16676566,RNA-Seq,100,7953914200,PRJNA776746,SAMN22818850,2425067590,Human airway epithelial cells,WYSS INSTITUTE,COPD,public,"sra,fastq","gs,ncbi,s3","gs.US,ncbi.public,s3.us-east-1",103224,SRX12877144,control,Illumina NovaSeq 6000,GSM5663456,PAIRED,cDNA,TRANSCRIPTOMIC,Homo sapiens,ILLUMINA,2022-04-01T00:00:00Z,GSM5663456,Human airway epithelial cells,SRP344018,4 hr
SRR16676567,RNA-Seq,100,6623518900,PRJNA776746,SAMN22818800,2082393131,Human airway epithelial cells,WYSS INSTITUTE,COPD,public,"fastq,sra","ncbi,gs,s3","gs.US,s3.us-east-1,ncbi.public",343179,SRX12877143,influenza A virus,Illumina NovaSeq 6000,GSM5663506,PAIRED,cDNA,TRANSCRIPTOMIC,Homo sapiens,ILLUMINA,2022-04-01T00:00:00Z,GSM5663506,Human airway epithelial cells,SRP344018,4 hr
SRR16676568,RNA-Seq,100,4699291300,PRJNA776746,SAMN22818801,1473246207,Human airway epithelial cells,WYSS INSTITUTE,COPD,public,"sra,fastq","s3,ncbi,gs","gs.US,s3.us-east-1,ncbi.public",343179,SRX12877142,influenza A virus,Illumina NovaSeq 6000,GSM5663505,PAIRED,cDNA,TRANSCRIPTOMIC,Homo sapiens,ILLUMINA,2022-04-01T00:00:00Z,GSM5663505,Human airway epithelial cells,SRP344018,4 hr
SRR16676569,RNA-Seq,100,6735452600,PRJNA776746,SAMN22818802,2085960766,Human airway epithelial cells,WYSS INSTITUTE,NHB,public,"sra,fastq","gs,s3,ncbi","s3.us-east-1,gs.US,ncbi.public",655308,SRX12877141,influenza A virus,Illumina NovaSeq 6000,GSM5663504,PAIRED,cDNA,TRANSCRIPTOMIC,Homo sapiens,ILLUMINA,2022-04-01T00:00:00Z,GSM5663504,Human airway epithelial cells,SRP344018,4 hr
SRR16676570,RNA-Seq,100,5526604000,PRJNA776746,SAMN22818803,1761712255,Human airway epithelial cells,WYSS INSTITUTE,COPD,public,"sra,fastq","ncbi,s3,gs","gs.US,s3.us-east-1,ncbi.public",343179,SRX12877140,control,Illumina NovaSeq 6000,GSM5663503,PAIRED,cDNA,TRANSCRIPTOMIC,Homo sapiens,ILLUMINA,2022-04-01T00:00:00Z,GSM5663503,Human airway epithelial cells,SRP344018,4 hr
SRR16676571,RNA-Seq,100,6422699700,PRJNA776746,SAMN22818804,1954633858,Human airway epithelial cells,WYSS INSTITUTE,NHB,public,"sra,fastq","gs,ncbi,s3","s3.us-east-1,ncbi.public,gs.US",655308,SRX12877139,influenza A virus,Illumina NovaSeq 6000,GSM5663502,PAIRED,cDNA,TRANSCRIPTOMIC,Homo sapiens,ILLUMINA,2022-04-01T00:00:00Z,GSM5663502,Human airway epithelial cells,SRP344018,4 hr
SRR16676572,RNA-Seq,100,8337758200,PRJNA776746,SAMN22818805,2571883895,Human airway epithelial cells,WYSS INSTITUTE,NHB,public,"fastq,sra","ncbi,s3,gs","ncbi.public,gs.US,s3.us-east-1",655308,SRX12877138,control,Illumina NovaSeq 6000,GSM5663501,PAIRED,cDNA,TRANSCRIPTOMIC,Homo sapiens,ILLUMINA,2022-04-01T00:00:00Z,GSM5663501,Human airway epithelial cells,SRP344018,4 hr
SRR16676573,RNA-Seq,100,5697774000,PRJNA776746,SAMN22818806,1813208631,Human airway epithelial cells,WYSS INSTITUTE,COPD,public,"sra,fastq","s3,gs,ncbi","ncbi.public,s3.us-east-1,gs.US",343179,SRX12877137,control,Illumina NovaSeq 6000,GSM5663500,PAIRED,cDNA,TRANSCRIPTOMIC,Homo sapiens,ILLUMINA,2022-04-01T00:00:00Z,GSM5663500,Human airway epithelial cells,SRP344018,4 hr
SRR16676574,RNA-Seq,100,5850281700,PRJNA776746,SAMN22818807,1838387614,Human airway epithelial cells,WYSS INSTITUTE,COPD,public,"fastq,sra","gs,ncbi,s3","ncbi.public,s3.us-east-1,gs.US",343179,SRX12877136,control,Illumina NovaSeq 6000,GSM5663499,PAIRED,cDNA,TRANSCRIPTOMIC,Homo sapiens,ILLUMINA,2022-04-01T00:00:00Z,GSM5663499,Human airway epithelial cells,SRP344018,4 hr
SRR16676575,RNA-Seq,100,7749505700,PRJNA776746,SAMN22818808,2385099827,Human airway epithelial cells,WYSS INSTITUTE,NHB,public,"sra,fastq","s3,ncbi,gs","ncbi.public,s3.us-east-1,gs.US",655308,SRX12877135,control,Illumina NovaSeq 6000,GSM5663498,PAIRED,cDNA,TRANSCRIPTOMIC,Homo sapiens,ILLUMINA,2022-04-01T00:00:00Z,GSM5663498,Human airway epithelial cells,SRP344018,4 hr
SRR16676576,RNA-Seq,100,4163430700,PRJNA776746,SAMN22818809,1335943441,Human airway epithelial cells,WYSS INSTITUTE,COPD,public,"fastq,sra","gs,s3,ncbi","gs.US,ncbi.public,s3.us-east-1",343179,SRX12877134,control,Illumina NovaSeq 6000,GSM5663497,PAIRED,cDNA,TRANSCRIPTOMIC,Homo sapiens,ILLUMINA,2022-04-01T00:00:00Z,GSM5663497,Human airway epithelial cells,SRP344018,4 hr
SRR16676577,RNA-Seq,100,8252302300,PRJNA776746,SAMN22818810,2522046887,Human airway epithelial cells,WYSS INSTITUTE,NHB,public,"fastq,sra","gs,s3,ncbi","gs.US,ncbi.public,s3.us-east-1",655308,SRX12877133,control,Illumina NovaSeq 6000,GSM5663496,PAIRED,cDNA,TRANSCRIPTOMIC,Homo sapiens,ILLUMINA,2022-04-01T00:00:00Z,GSM5663496,Human airway epithelial cells,SRP344018,4 hr
SRR16676578,RNA-Seq,100,5591372900,PRJNA776746,SAMN22818811,1762922017,Human airway epithelial cells,WYSS INSTITUTE,COPD,public,"sra,fastq","gs,ncbi,s3","gs.US,ncbi.public,s3.us-east-1",43905,SRX12877132,influenza A virus,Illumina NovaSeq 6000,GSM5663495,PAIRED,cDNA,TRANSCRIPTOMIC,Homo sapiens,ILLUMINA,2022-04-01T00:00:00Z,GSM5663495,Human airway epithelial cells,SRP344018,18 hr
SRR16676579,RNA-Seq,100,6706380500,PRJNA776746,SAMN22818812,2064129510,Human airway epithelial cells,WYSS INSTITUTE,NHB,public,"fastq,sra","gs,s3,ncbi","s3.us-east-1,gs.US,ncbi.public",655308,SRX12877131,control,Illumina NovaSeq 6000,GSM5663494,PAIRED,cDNA,TRANSCRIPTOMIC,Homo sapiens,ILLUMINA,2022-04-01T00:00:00Z,GSM5663494,Human airway epithelial cells,SRP344018,4 hr
SRR16676580,RNA-Seq,100,8497456600,PRJNA776746,SAMN22818813,2580415733,Human airway epithelial cells,WYSS INSTITUTE,COPD,public,"sra,fastq","ncbi,s3,gs","gs.US,ncbi.public,s3.us-east-1",103224,SRX12877130,influenza A virus,Illumina NovaSeq 6000,GSM5663493,PAIRED,cDNA,TRANSCRIPTOMIC,Homo sapiens,ILLUMINA,2022-04-01T00:00:00Z,GSM5663493,Human airway epithelial cells,SRP344018,18 hr
SRR16676581,RNA-Seq,100,7023946200,PRJNA776746,SAMN22818814,2229265263,Human airway epithelial cells,WYSS INSTITUTE,COPD,public,"fastq,sra","ncbi,s3,gs","ncbi.public,gs.US,s3.us-east-1",43905,SRX12877129,influenza A virus,Illumina NovaSeq 6000,GSM5663492,PAIRED,cDNA,TRANSCRIPTOMIC,Homo sapiens,ILLUMINA,2022-04-01T00:00:00Z,GSM5663492,Human airway epithelial cells,SRP344018,18 hr
SRR16676582,RNA-Seq,100,5887812800,PRJNA776746,SAMN22818815,1859411134,Human airway epithelial cells,WYSS INSTITUTE,COPD,public,"fastq,sra","gs,ncbi,s3","s3.us-east-1,gs.US,ncbi.public",43905,SRX12877128,influenza A virus,Illumina NovaSeq 6000,GSM5663491,PAIRED,cDNA,TRANSCRIPTOMIC,Homo sapiens,ILLUMINA,2022-04-01T00:00:00Z,GSM5663491,Human airway epithelial cells,SRP344018,18 hr
SRR16676583,RNA-Seq,100,7484229000,PRJNA776746,SAMN22818816,2274973141,Human airway epithelial cells,WYSS INSTITUTE,COPD,public,"fastq,sra","s3,ncbi,gs","ncbi.public,gs.US,s3.us-east-1",103224,SRX12877127,influenza A virus,Illumina NovaSeq 6000,GSM5663490,PAIRED,cDNA,TRANSCRIPTOMIC,Homo sapiens,ILLUMINA,2022-04-01T00:00:00Z,GSM5663490,Human airway epithelial cells,SRP344018,18 hr
SRR16676584,RNA-Seq,100,8481924400,PRJNA776746,SAMN22818817,2688550492,Human airway epithelial cells,WYSS INSTITUTE,COPD,public,"fastq,sra","ncbi,gs,s3","gs.US,s3.us-east-1,ncbi.public",43905,SRX12877126,influenza A virus,Illumina NovaSeq 6000,GSM5663489,PAIRED,cDNA,TRANSCRIPTOMIC,Homo sapiens,ILLUMINA,2022-04-01T00:00:00Z,GSM5663489,Human airway epithelial cells,SRP344018,18 hr
SRR16676585,RNA-Seq,100,7637099400,PRJNA776746,SAMN22818818,2330443706,Human airway epithelial cells,WYSS INSTITUTE,COPD,public,"sra,fastq","s3,ncbi,gs","ncbi.public,s3.us-east-1,gs.US",103224,SRX12877125,influenza A virus,Illumina NovaSeq 6000,GSM5663488,PAIRED,cDNA,TRANSCRIPTOMIC,Homo sapiens,ILLUMINA,2022-04-01T00:00:00Z,GSM5663488,Human airway epithelial cells,SRP344018,18 hr
SRR16676586,RNA-Seq,100,2999591200,PRJNA776746,SAMN22818819,941223794,Human airway epithelial cells,WYSS INSTITUTE,COPD,public,"sra,fastq","gs,ncbi,s3","s3.us-east-1,gs.US,ncbi.public",103224,SRX12877124,poly_ic,Illumina NovaSeq 6000,GSM5663487,PAIRED,cDNA,TRANSCRIPTOMIC,Homo sapiens,ILLUMINA,2022-04-01T00:00:00Z,GSM5663487,Human airway epithelial cells,SRP344018,18 hr
SRR16676587,RNA-Seq,100,5169814700,PRJNA776746,SAMN22818820,1651171552,Human airway epithelial cells,WYSS INSTITUTE,COPD,public,"fastq,sra","ncbi,s3,gs","ncbi.public,s3.us-east-1,gs.US",43905,SRX12877123,poly_ic,Illumina NovaSeq 6000,GSM5663486,PAIRED,cDNA,TRANSCRIPTOMIC,Homo sapiens,ILLUMINA,2022-04-01T00:00:00Z,GSM5663486,Human airway epithelial cells,SRP344018,18 hr
SRR16676588,RNA-Seq,100,9022164100,PRJNA776746,SAMN22818821,2741850031,Human airway epithelial cells,WYSS INSTITUTE,COPD,public,"fastq,sra","gs,s3,ncbi","ncbi.public,gs.US,s3.us-east-1",103224,SRX12877122,poly_ic,Illumina NovaSeq 6000,GSM5663485,PAIRED,cDNA,TRANSCRIPTOMIC,Homo sapiens,ILLUMINA,2022-04-01T00:00:00Z,GSM5663485,Human airway epithelial cells,SRP344018,18 hr
SRR16676589,RNA-Seq,100,3961531200,PRJNA776746,SAMN22818822,1254315766,Human airway epithelial cells,WYSS INSTITUTE,COPD,public,"fastq,sra","s3,ncbi,gs","ncbi.public,gs.US,s3.us-east-1",43905,SRX12877120,poly_ic,Illumina NovaSeq 6000,GSM5663484,PAIRED,cDNA,TRANSCRIPTOMIC,Homo sapiens,ILLUMINA,2022-04-01T00:00:00Z,GSM5663484,Human airway epithelial cells,SRP344018,18 hr
SRR16676590,RNA-Seq,100,2691567600,PRJNA776746,SAMN22818823,855477747,Human airway epithelial cells,WYSS INSTITUTE,COPD,public,"fastq,sra","ncbi,gs,s3","gs.US,s3.us-east-1,ncbi.public",103224,SRX12877118,poly_ic,Illumina NovaSeq 6000,GSM5663483,PAIRED,cDNA,TRANSCRIPTOMIC,Homo sapiens,ILLUMINA,2022-04-01T00:00:00Z,GSM5663483,Human airway epithelial cells,SRP344018,18 hr
SRR16676591,RNA-Seq,100,5320491900,PRJNA776746,SAMN22818824,1663170163,Human airway epithelial cells,WYSS INSTITUTE,COPD,public,"fastq,sra","gs,ncbi,s3","gs.US,ncbi.public,s3.us-east-1",43905,SRX12877116,poly_ic,Illumina NovaSeq 6000,GSM5663482,PAIRED,cDNA,TRANSCRIPTOMIC,Homo sapiens,ILLUMINA,2022-04-01T00:00:00Z,GSM5663482,Human airway epithelial cells,SRP344018,18 hr
SRR16676592,RNA-Seq,100,8240022700,PRJNA776746,SAMN22818825,2503082112,Human airway epithelial cells,WYSS INSTITUTE,COPD,public,"sra,fastq","ncbi,s3,gs","s3.us-east-1,gs.US,ncbi.public",103224,SRX12877114,poly_ic,Illumina NovaSeq 6000,GSM5663481,PAIRED,cDNA,TRANSCRIPTOMIC,Homo sapiens,ILLUMINA,2022-04-01T00:00:00Z,GSM5663481,Human airway epithelial cells,SRP344018,18 hr
SRR16676594,RNA-Seq,100,7274184900,PRJNA776746,SAMN22818827,2218655288,Human airway epithelial cells,WYSS INSTITUTE,COPD,public,"fastq,sra","ncbi,gs,s3","gs.US,ncbi.public,s3.us-east-1",103224,SRX12877110,control,Illumina NovaSeq 6000,GSM5663479,PAIRED,cDNA,TRANSCRIPTOMIC,Homo sapiens,ILLUMINA,2022-04-01T00:00:00Z,GSM5663479,Human airway epithelial cells,SRP344018,18 hr
SRR16676595,RNA-Seq,100,4533576600,PRJNA776746,SAMN22818828,1449555632,Human airway epithelial cells,WYSS INSTITUTE,COPD,public,"fastq,sra","s3,gs,ncbi","s3.us-east-1,gs.US,ncbi.public",43905,SRX12877108,control,Illumina NovaSeq 6000,GSM5663478,PAIRED,cDNA,TRANSCRIPTOMIC,Homo sapiens,ILLUMINA,2022-04-01T00:00:00Z,GSM5663478,Human airway epithelial cells,SRP344018,18 hr
SRR16676596,RNA-Seq,100,6841896300,PRJNA776746,SAMN22818829,2083484972,Human airway epithelial cells,WYSS INSTITUTE,COPD,public,"sra,fastq","s3,gs,ncbi","gs.US,ncbi.public,s3.us-east-1",103224,SRX12877106,control,Illumina NovaSeq 6000,GSM5663477,PAIRED,cDNA,TRANSCRIPTOMIC,Homo sapiens,ILLUMINA,2022-04-01T00:00:00Z,GSM5663477,Human airway epithelial cells,SRP344018,18 hr
SRR16676597,RNA-Seq,100,5661313200,PRJNA776746,SAMN22818830,1782027071,Human airway epithelial cells,WYSS INSTITUTE,COPD,public,"sra,fastq","ncbi,s3,gs","s3.us-east-1,ncbi.public,gs.US",43905,SRX12877104,control,Illumina NovaSeq 6000,GSM5663476,PAIRED,cDNA,TRANSCRIPTOMIC,Homo sapiens,ILLUMINA,2022-04-01T00:00:00Z,GSM5663476,Human airway epithelial cells,SRP344018,18 hr
SRR16676598,RNA-Seq,100,7083780100,PRJNA776746,SAMN22818831,2152649030,Human airway epithelial cells,WYSS INSTITUTE,COPD,public,"fastq,sra","s3,ncbi,gs","gs.US,s3.us-east-1,ncbi.public",103224,SRX12877102,control,Illumina NovaSeq 6000,GSM5663475,PAIRED,cDNA,TRANSCRIPTOMIC,Homo sapiens,ILLUMINA,2022-04-01T00:00:00Z,GSM5663475,Human airway epithelial cells,SRP344018,18 hr
SRR16676599,RNA-Seq,100,7553631300,PRJNA776746,SAMN22818832,2397681401,Human airway epithelial cells,WYSS INSTITUTE,COPD,public,"fastq,sra","gs,s3,ncbi","ncbi.public,s3.us-east-1,gs.US",43905,SRX12877100,control,Illumina NovaSeq 6000,GSM5663474,PAIRED,cDNA,TRANSCRIPTOMIC,Homo sapiens,ILLUMINA,2022-04-01T00:00:00Z,GSM5663474,Human airway epithelial cells,SRP344018,18 hr
SRR16676601,RNA-Seq,100,6461761600,PRJNA776746,SAMN22818834,2084726494,Human airway epithelial cells,WYSS INSTITUTE,COPD,public,"sra,fastq","gs,ncbi,s3","gs.US,ncbi.public,s3.us-east-1",43905,SRX12877097,control,Illumina NovaSeq 6000,GSM5663472,PAIRED,cDNA,TRANSCRIPTOMIC,Homo sapiens,ILLUMINA,2022-04-01T00:00:00Z,GSM5663472,Human airway epithelial cells,SRP344018,18 hr
SRR16676603,RNA-Seq,100,6683233500,PRJNA776746,SAMN22818836,2097186269,Human airway epithelial cells,WYSS INSTITUTE,COPD,public,"fastq,sra","s3,gs,ncbi","gs.US,ncbi.public,s3.us-east-1",43905,SRX12877095,influenza A virus,Illumina NovaSeq 6000,GSM5663470,PAIRED,cDNA,TRANSCRIPTOMIC,Homo sapiens,ILLUMINA,2022-04-01T00:00:00Z,GSM5663470,Human airway epithelial cells,SRP344018,4 hr
SRR16676604,RNA-Seq,100,5874022400,PRJNA776746,SAMN22818837,1845862778,Human airway epithelial cells,WYSS INSTITUTE,COPD,public,"sra,fastq","s3,gs,ncbi","gs.US,ncbi.public,s3.us-east-1",43905,SRX12877094,influenza A virus,Illumina NovaSeq 6000,GSM5663469,PAIRED,cDNA,TRANSCRIPTOMIC,Homo sapiens,ILLUMINA,2022-04-01T00:00:00Z,GSM5663469,Human airway epithelial cells,SRP344018,4 hr
SRR16676605,RNA-Seq,100,5838951900,PRJNA776746,SAMN22818838,1788621788,Human airway epithelial cells,WYSS INSTITUTE,COPD,public,"fastq,sra","s3,gs,ncbi","gs.US,ncbi.public,s3.us-east-1",103224,SRX12877093,influenza A virus,Illumina NovaSeq 6000,GSM5663468,PAIRED,cDNA,TRANSCRIPTOMIC,Homo sapiens,ILLUMINA,2022-04-01T00:00:00Z,GSM5663468,Human airway epithelial cells,SRP344018,4 hr
SRR16676606,RNA-Seq,100,5795572300,PRJNA776746,SAMN22818839,1776794371,Human airway epithelial cells,WYSS INSTITUTE,COPD,public,"fastq,sra","s3,ncbi,gs","s3.us-east-1,gs.US,ncbi.public",103224,SRX12877092,influenza A virus,Illumina NovaSeq 6000,GSM5663467,PAIRED,cDNA,TRANSCRIPTOMIC,Homo sapiens,ILLUMINA,2022-04-01T00:00:00Z,GSM5663467,Human airway epithelial cells,SRP344018,4 hr
SRR16676607,RNA-Seq,100,6126452100,PRJNA776746,SAMN22818840,1928166607,Human airway epithelial cells,WYSS INSTITUTE,COPD,public,"sra,fastq","s3,gs,ncbi","ncbi.public,s3.us-east-1,gs.US",43905,SRX12877091,influenza A virus,Illumina NovaSeq 6000,GSM5663466,PAIRED,cDNA,TRANSCRIPTOMIC,Homo sapiens,ILLUMINA,2022-04-01T00:00:00Z,GSM5663466,Human airway epithelial cells,SRP344018,4 hr
SRR16676608,RNA-Seq,100,6724809700,PRJNA776746,SAMN22818841,2041539438,Human airway epithelial cells,WYSS INSTITUTE,COPD,public,"sra,fastq","gs,ncbi,s3","ncbi.public,gs.US,s3.us-east-1",103224,SRX12877090,influenza A virus,Illumina NovaSeq 6000,GSM5663465,PAIRED,cDNA,TRANSCRIPTOMIC,Homo sapiens,ILLUMINA,2022-04-01T00:00:00Z,GSM5663465,Human airway epithelial cells,SRP344018,4 hr
SRR16676609,RNA-Seq,100,4476963400,PRJNA776746,SAMN22818842,1409155880,Human airway epithelial cells,WYSS INSTITUTE,COPD,public,"fastq,sra","s3,gs,ncbi","s3.us-east-1,ncbi.public,gs.US",43905,SRX12877089,influenza A virus,Illumina NovaSeq 6000,GSM5663464,PAIRED,cDNA,TRANSCRIPTOMIC,Homo sapiens,ILLUMINA,2022-04-01T00:00:00Z,GSM5663464,Human airway epithelial cells,SRP344018,4 hr
SRR16676610,RNA-Seq,100,5776677300,PRJNA776746,SAMN22818843,1830689387,Human airway epithelial cells,WYSS INSTITUTE,COPD,public,"fastq,sra","gs,ncbi,s3","s3.us-east-1,ncbi.public,gs.US",43905,SRX12877088,control,Illumina NovaSeq 6000,GSM5663463,PAIRED,cDNA,TRANSCRIPTOMIC,Homo sapiens,ILLUMINA,2022-04-01T00:00:00Z,GSM5663463,Human airway epithelial cells,SRP344018,4 hr
SRR16676611,RNA-Seq,100,6387900600,PRJNA776746,SAMN22818844,1953869808,Human airway epithelial cells,WYSS INSTITUTE,COPD,public,"sra,fastq","ncbi,gs,s3","ncbi.public,gs.US,s3.us-east-1",103224,SRX12877087,influenza A virus,Illumina NovaSeq 6000,GSM5663462,PAIRED,cDNA,TRANSCRIPTOMIC,Homo sapiens,ILLUMINA,2022-04-01T00:00:00Z,GSM5663462,Human airway epithelial cells,SRP344018,4 hr
SRR16676612,RNA-Seq,100,4800334400,PRJNA776746,SAMN22818845,1519592715,Human airway epithelial cells,WYSS INSTITUTE,COPD,public,"fastq,sra","s3,ncbi,gs","s3.us-east-1,gs.US,ncbi.public",43905,SRX12877086,control,Illumina NovaSeq 6000,GSM5663461,PAIRED,cDNA,TRANSCRIPTOMIC,Homo sapiens,ILLUMINA,2022-04-01T00:00:00Z,GSM5663461,Human airway epithelial cells,SRP344018,4 hr
SRR16676613,RNA-Seq,100,7294584200,PRJNA776746,SAMN22818846,2214351893,Human airway epithelial cells,WYSS INSTITUTE,COPD,public,"fastq,sra","gs,ncbi,s3","s3.us-east-1,gs.US,ncbi.public",103224,SRX12877085,control,Illumina NovaSeq 6000,GSM5663460,PAIRED,cDNA,TRANSCRIPTOMIC,Homo sapiens,ILLUMINA,2022-04-01T00:00:00Z,GSM5663460,Human airway epithelial cells,SRP344018,4 hr
SRR16676614,RNA-Seq,100,6467732700,PRJNA776746,SAMN22818847,1977240655,Human airway epithelial cells,WYSS INSTITUTE,COPD,public,"fastq,sra","gs,s3,ncbi","gs.US,ncbi.public,s3.us-east-1",103224,SRX12877084,control,Illumina NovaSeq 6000,GSM5663459,PAIRED,cDNA,TRANSCRIPTOMIC,Homo sapiens,ILLUMINA,2022-04-01T00:00:00Z,GSM5663459,Human airway epithelial cells,SRP344018,4 hr
SRR16676558,RNA-Seq,100,3205118400,PRJNA776746,SAMN22818794,1016769807,Human airway epithelial cells,WYSS INSTITUTE,COPD,public,"fastq,sra","gs,s3","gs.US,s3.us-east-1",343179,SRX12877152,control,Illumina NovaSeq 6000,GSM5663512,PAIRED,cDNA,TRANSCRIPTOMIC,Homo sapiens,ILLUMINA,2022-04-01T00:00:00Z,GSM5663512,Human airway epithelial cells,SRP344018,18 hr
SRR16676600,RNA-Seq,100,6146805000,PRJNA776746,SAMN22818833,1870871514,Human airway epithelial cells,WYSS INSTITUTE,COPD,public,"fastq,sra","gs,s3","gs.US,s3.us-east-1",103224,SRX12877098,control,Illumina NovaSeq 6000,GSM5663473,PAIRED,cDNA,TRANSCRIPTOMIC,Homo sapiens,ILLUMINA,2022-04-01T00:00:00Z,GSM5663473,Human airway epithelial cells,SRP344018,18 hr
SRR16676482,RNA-Seq,100,4629459500,PRJNA776746,SAMN22818718,1461605985,Human airway epithelial cells,WYSS INSTITUTE,COPD,public,"fastq,sra","gs,s3","gs.US,s3.us-east-1",436083,SRX12877228,influenza A virus,Illumina NovaSeq 6000,GSM5663588,PAIRED,cDNA,TRANSCRIPTOMIC,Homo sapiens,ILLUMINA,2022-04-01T00:00:00Z,GSM5663588,Human airway epithelial cells,SRP344018,4 hr
SRR16676496,RNA-Seq,100,5711367900,PRJNA776746,SAMN22818732,1812267483,Human airway epithelial cells,WYSS INSTITUTE,COPD,public,"fastq,sra","gs,s3","gs.US,s3.us-east-1",440551,SRX12877214,influenza A virus,Illumina NovaSeq 6000,GSM5663574,PAIRED,cDNA,TRANSCRIPTOMIC,Homo sapiens,ILLUMINA,2022-04-01T00:00:00Z,GSM5663574,Human airway epithelial cells,SRP344018,18 hr
SRR16676499,RNA-Seq,100,4518603400,PRJNA776746,SAMN22818735,1410168939,Human airway epithelial cells,WYSS INSTITUTE,NHB,public,"fastq,sra","gs,s3","gs.US,s3.us-east-1",626776,SRX12877211,influenza A virus,Illumina NovaSeq 6000,GSM5663571,PAIRED,cDNA,TRANSCRIPTOMIC,Homo sapiens,ILLUMINA,2022-04-01T00:00:00Z,GSM5663571,Human airway epithelial cells,SRP344018,18 hr
SRR16676475,RNA-Seq,100,5992519300,PRJNA776746,SAMN22818711,1841378033,Human airway epithelial cells,WYSS INSTITUTE,NHB,public,"fastq,sra","gs,s3","gs.US,s3.us-east-1",623950,SRX12877235,control,Illumina NovaSeq 6000,GSM5663595,PAIRED,cDNA,TRANSCRIPTOMIC,Homo sapiens,ILLUMINA,2022-04-01T00:00:00Z,GSM5663595,Human airway epithelial cells,SRP344018,18 hr
SRR16676483,RNA-Seq,100,5293713300,PRJNA776746,SAMN22818719,1625570280,Human airway epithelial cells,WYSS INSTITUTE,NHB,public,"fastq,sra","gs,s3","gs.US,s3.us-east-1",623950,SRX12877227,influenza A virus,Illumina NovaSeq 6000,GSM5663587,PAIRED,cDNA,TRANSCRIPTOMIC,Homo sapiens,ILLUMINA,2022-04-01T00:00:00Z,GSM5663587,Human airway epithelial cells,SRP344018,4 hr
SRR16676514,RNA-Seq,100,3963225400,PRJNA776746,SAMN22818750,1261934341,Human airway epithelial cells,WYSS INSTITUTE,NHB,public,"fastq,sra","gs,s3","gs.US,s3.us-east-1",626776,SRX12877196,control,Illumina NovaSeq 6000,GSM5663556,PAIRED,cDNA,TRANSCRIPTOMIC,Homo sapiens,ILLUMINA,2022-04-01T00:00:00Z,GSM5663556,Human airway epithelial cells,SRP344018,18 hr
SRR16676516,RNA-Seq,100,5039892000,PRJNA776746,SAMN22818752,1583454098,Human airway epithelial cells,WYSS INSTITUTE,COPD,public,"fastq,sra","gs,s3","gs.US,s3.us-east-1",440551,SRX12877194,control,Illumina NovaSeq 6000,GSM5663554,PAIRED,cDNA,TRANSCRIPTOMIC,Homo sapiens,ILLUMINA,2022-04-01T00:00:00Z,GSM5663554,Human airway epithelial cells,SRP344018,18 hr
SRR16676489,RNA-Seq,100,3536427800,PRJNA776746,SAMN22818725,1114452234,Human airway epithelial cells,WYSS INSTITUTE,COPD,public,"fastq,sra","gs,s3","gs.US,s3.us-east-1",436083,SRX12877221,control,Illumina NovaSeq 6000,GSM5663581,PAIRED,cDNA,TRANSCRIPTOMIC,Homo sapiens,ILLUMINA,2022-04-01T00:00:00Z,GSM5663581,Human airway epithelial cells,SRP344018,4 hr
SRR16676519,RNA-Seq,100,6476116100,PRJNA776746,SAMN22818755,2034119269,Human airway epithelial cells,WYSS INSTITUTE,COPD,public,"fastq,sra","gs,s3","gs.US,s3.us-east-1",440551,SRX12877191,influenza A virus,Illumina NovaSeq 6000,GSM5663551,PAIRED,cDNA,TRANSCRIPTOMIC,Homo sapiens,ILLUMINA,2022-04-01T00:00:00Z,GSM5663551,Human airway epithelial cells,SRP344018,4 hr
SRR16676565,RNA-Seq,100,6416658900,PRJNA776746,SAMN22818849,2022230199,Human airway epithelial cells,WYSS INSTITUTE,COPD,public,"fastq,sra","gs,s3","gs.US,s3.us-east-1",43905,SRX12877145,control,Illumina NovaSeq 6000,GSM5663457,PAIRED,cDNA,TRANSCRIPTOMIC,Homo sapiens,ILLUMINA,2022-04-01T00:00:00Z,GSM5663457,Human airway epithelial cells,SRP344018,4 hr
SRR16676453,RNA-Seq,100,6606030200,PRJNA776746,SAMN22818689,2026096344,Human airway epithelial cells,WYSS INSTITUTE,NHB,public,"fastq,sra","gs,s3","gs.US,s3.us-east-1",623950,SRX12877257,influenza A virus,Illumina NovaSeq 6000,GSM5663617,PAIRED,cDNA,TRANSCRIPTOMIC,Homo sapiens,ILLUMINA,2022-04-01T00:00:00Z,GSM5663617,Human airway epithelial cells,SRP344018,18 hr
SRR16676461,RNA-Seq,100,3851664100,PRJNA776746,SAMN22818697,1212000955,Human airway epithelial cells,WYSS INSTITUTE,COPD,public,"fastq,sra","gs,s3","gs.US,s3.us-east-1",436083,SRX12877249,influenza A virus,Illumina NovaSeq 6000,GSM5663609,PAIRED,cDNA,TRANSCRIPTOMIC,Homo sapiens,ILLUMINA,2022-04-01T00:00:00Z,GSM5663609,Human airway epithelial cells,SRP344018,18 hr
SRR16676494,RNA-Seq,100,4564775700,PRJNA776746,SAMN22818730,1416090971,Human airway epithelial cells,WYSS INSTITUTE,NHB,public,"fastq,sra","gs,s3","gs.US,s3.us-east-1",626776,SRX12877216,influenza A virus,Illumina NovaSeq 6000,GSM5663576,PAIRED,cDNA,TRANSCRIPTOMIC,Homo sapiens,ILLUMINA,2022-04-01T00:00:00Z,GSM5663576,Human airway epithelial cells,SRP344018,18 hr
SRR16676505,RNA-Seq,100,5051412600,PRJNA776746,SAMN22818741,1597782268,Human airway epithelial cells,WYSS INSTITUTE,NHB,public,"fastq,sra","gs,s3","gs.US,s3.us-east-1",626776,SRX12877205,poly_ic,Illumina NovaSeq 6000,GSM5663565,PAIRED,cDNA,TRANSCRIPTOMIC,Homo sapiens,ILLUMINA,2022-04-01T00:00:00Z,GSM5663565,Human airway epithelial cells,SRP344018,18 hr
SRR16676508,RNA-Seq,100,1848727900,PRJNA776746,SAMN22818744,579361979,Human airway epithelial cells,WYSS INSTITUTE,NHB,public,"fastq,sra","gs,s3","gs.US,s3.us-east-1",626776,SRX12877202,poly_ic,Illumina NovaSeq 6000,GSM5663562,PAIRED,cDNA,TRANSCRIPTOMIC,Homo sapiens,ILLUMINA,2022-04-01T00:00:00Z,GSM5663562,Human airway epithelial cells,SRP344018,18 hr
SRR16676515,RNA-Seq,100,3944481600,PRJNA776746,SAMN22818751,1223507662,Human airway epithelial cells,WYSS INSTITUTE,NHB,public,"fastq,sra","gs,s3","gs.US,s3.us-east-1",626776,SRX12877195,control,Illumina NovaSeq 6000,GSM5663555,PAIRED,cDNA,TRANSCRIPTOMIC,Homo sapiens,ILLUMINA,2022-04-01T00:00:00Z,GSM5663555,Human airway epithelial cells,SRP344018,18 hr
SRR16676517,RNA-Seq,100,7551366100,PRJNA776746,SAMN22818753,2382337278,Human airway epithelial cells,WYSS INSTITUTE,COPD,public,"fastq,sra","gs,s3","gs.US,s3.us-east-1",440551,SRX12877193,control,Illumina NovaSeq 6000,GSM5663553,PAIRED,cDNA,TRANSCRIPTOMIC,Homo sapiens,ILLUMINA,2022-04-01T00:00:00Z,GSM5663553,Human airway epithelial cells,SRP344018,18 hr
SRR16676562,RNA-Seq,100,7319632100,PRJNA776746,SAMN22818798,2321202777,Human airway epithelial cells,WYSS INSTITUTE,NHB,public,"fastq,sra","gs,s3","gs.US,s3.us-east-1",655308,SRX12877148,influenza A virus,Illumina NovaSeq 6000,GSM5663508,PAIRED,cDNA,TRANSCRIPTOMIC,Homo sapiens,ILLUMINA,2022-04-01T00:00:00Z,GSM5663508,Human airway epithelial cells,SRP344018,4 hr
SRR16676602,RNA-Seq,100,6919320100,PRJNA776746,SAMN22818835,2130688787,Human airway epithelial cells,WYSS INSTITUTE,NHB,public,"fastq,sra","gs,s3","gs.US,s3.us-east-1",672447,SRX12877096,control,Illumina NovaSeq 6000,GSM5663471,PAIRED,cDNA,TRANSCRIPTOMIC,Homo sapiens,ILLUMINA,2022-04-01T00:00:00Z,GSM5663471,Human airway epithelial cells,SRP344018,4 hr
SRR16676593,RNA-Seq,100,4724741100,PRJNA776746,SAMN22818826,1492719432,Human airway epithelial cells,WYSS INSTITUTE,COPD,public,"fastq,sra","gs,s3","gs.US,s3.us-east-1",43905,SRX12877112,poly_ic,Illumina NovaSeq 6000,GSM5663480,PAIRED,cDNA,TRANSCRIPTOMIC,Homo sapiens,ILLUMINA,2022-04-01T00:00:00Z,GSM5663480,Human airway epithelial cells,SRP344018,18 hr
